http://dbpedia.org/resource/Literary_editor,http://dbpedia.org/resource/Voluntary_trades
http://dbpedia.org/resource/Re-recording_mixer,http://dbpedia.org/resource/Compulsory_trade
http://dbpedia.org/resource/Center_for_Managing_Chronic_Disease,http://dbpedia.org/resource/Object_skill
http://dbpedia.org/resource/Nu_Skin_Enterprises,http://dbpedia.org/resource/Splinter_skill
http://dbpedia.org/resource/Fox_News_Channel,http://dbpedia.org/resource/Procedural_knowledge
http://dbpedia.org/resource/New_York_Yankees,http://dbpedia.org/resource/Pradhan_Mantri_Kaushal_Vikas_Yojana
http://dbpedia.org/resource/United_States_Marine_Corps_Aviation,http://dbpedia.org/resource/Deen_Dayal_Upadhyaya_Grameen_Kaushalya_Yojana
http://dbpedia.org/resource/Prefabrication,http://dbpedia.org/resource/Category:Methodology
http://dbpedia.org/resource/Robert_Green_Ingersoll,http://dbpedia.org/resource/Chef
http://dbpedia.org/resource/Advertising,http://dbpedia.org/resource/Transferable_skills_analysis
http://dbpedia.org/resource/Solicitor-General_of_Australia,http://dbpedia.org/resource/Category:Occupations
http://dbpedia.org/resource/University_of_Cambridge,http://dbpedia.org/resource/Game_of_skill
http://dbpedia.org/resource/Railway,http://dbpedia.org/resource/Do_it_yourself
http://dbpedia.org/resource/Turkey,http://dbpedia.org/resource/Transferable_skills_analysis
http://dbpedia.org/resource/Poetry,http://dbpedia.org/resource/Deskilling
http://dbpedia.org/resource/Millennium_Falcon,http://dbpedia.org/resource/Non-Verbal_Reasoning
http://dbpedia.org/resource/Record_Producer,http://dbpedia.org/resource/Chef
http://dbpedia.org/resource/Private_equity,http://dbpedia.org/resource/Object_skill
http://dbpedia.org/resource/Unitarian_Universalist_Association,http://dbpedia.org/resource/Do_it_yourself
http://dbpedia.org/resource/Member_of_the_Legislative_Assembly,http://dbpedia.org/resource/Artisan
http://dbpedia.org/resource/Political,http://dbpedia.org/resource/Category:Occupations
http://dbpedia.org/resource/Jones_and_Laughlin_Steel_Company,http://dbpedia.org/resource/Procedural_memory
http://dbpedia.org/resource/Airservices_Australia,http://dbpedia.org/resource/Tradesman
http://dbpedia.org/resource/Musicology,http://dbpedia.org/resource/Dreyfus_model_of_skill_acquisition
http://dbpedia.org/resource/Bodybuilder,http://dbpedia.org/resource/Expert
http://dbpedia.org/resource/Flamenco,http://dbpedia.org/resource/Deskilling
http://dbpedia.org/resource/Lawyer,http://dbpedia.org/resource/Adaptive_expertise
http://dbpedia.org/resource/Air_taxi,http://dbpedia.org/resource/Category:Visual_arts
http://dbpedia.org/resource/Pilot_(aeronautics),http://dbpedia.org/resource/Chef
http://dbpedia.org/resource/Sportsperson,http://dbpedia.org/resource/21st_century_skills
http://dbpedia.org/resource/Anatomy,http://dbpedia.org/resource/Skill
http://dbpedia.org/resource/Cartography,http://dbpedia.org/resource/Category:Pedagogy
http://dbpedia.org/resource/Mara_Group,http://dbpedia.org/resource/Category:Pedagogy
http://dbpedia.org/resource/Race_queen,http://dbpedia.org/resource/Category:Vehicle_operation
http://dbpedia.org/resource/Agency_Digi,http://dbpedia.org/resource/Do_it_yourself
http://dbpedia.org/resource/Fashion_blogger,http://dbpedia.org/resource/Procedural_memory
http://dbpedia.org/resource/Botany,http://dbpedia.org/resource/Non-Verbal_Reasoning
http://dbpedia.org/resource/Camera_operator,http://dbpedia.org/resource/International_Computer_and_Information_Literacy_Study
http://dbpedia.org/resource/Lecturer,http://dbpedia.org/resource/Category:Aptitude
http://dbpedia.org/resource/Product_design,http://dbpedia.org/resource/Category:Methodology
http://dbpedia.org/resource/Bespin,http://dbpedia.org/resource/Non-Verbal_Reasoning
http://dbpedia.org/resource/Comic_strip,http://dbpedia.org/resource/Category:Procedural_knowledge
http://dbpedia.org/resource/Magdeburg,http://dbpedia.org/resource/Category:Aptitude
http://dbpedia.org/resource/Bloomberg_L.P.,http://dbpedia.org/resource/Artisan
http://dbpedia.org/resource/Aerospace_engineer,http://dbpedia.org/resource/Aptitude
http://dbpedia.org/resource/Emperor_of_Austria,http://dbpedia.org/resource/Dreyfus_model_of_skill_acquisition
http://dbpedia.org/resource/Dawn_News,http://dbpedia.org/resource/Deskilling
http://dbpedia.org/resource/Austin_Peay_State_University,http://dbpedia.org/resource/Chef
http://dbpedia.org/resource/Geography,http://dbpedia.org/resource/Category:Crafts
http://dbpedia.org/resource/List_of_colonial_heads_of_Portuguese_India,http://dbpedia.org/resource/Category:Procedural_knowledge
http://dbpedia.org/resource/Magician_(fantasy),http://dbpedia.org/resource/Dreyfus_model_of_skill_acquisition
http://dbpedia.org/resource/Choreographer,http://dbpedia.org/resource/Artisan
http://dbpedia.org/resource/Brand_ambassador,http://dbpedia.org/resource/Seamanship
http://dbpedia.org/resource/Author_/_Speaker,http://dbpedia.org/resource/Transferable_skill
http://dbpedia.org/resource/Whatsapp,http://dbpedia.org/resource/Chef
http://dbpedia.org/resource/Regent,http://dbpedia.org/resource/Four_stages_of_competence
http://dbpedia.org/resource/Epigraphy,http://dbpedia.org/resource/Splinter_skill
http://dbpedia.org/resource/The_Lambs_Club,http://dbpedia.org/resource/Adaptive_expertise
http://dbpedia.org/resource/Appraiser,http://dbpedia.org/resource/Category:Literacy
http://dbpedia.org/resource/Mechanical_Engineer,http://dbpedia.org/resource/Pradhan_Mantri_Kaushal_Vikas_Yojana
http://dbpedia.org/resource/Behind_Closed_Doors_(1958_TV_series),http://dbpedia.org/resource/Career_portfolio
http://dbpedia.org/resource/Entertainment_Reporter,http://dbpedia.org/resource/Category:Literacy
http://dbpedia.org/resource/Guitarrist,http://dbpedia.org/resource/Do_it_yourself
http://dbpedia.org/resource/Novel,http://dbpedia.org/resource/Category:Occupations
http://dbpedia.org/resource/Filmmaking,http://dbpedia.org/resource/Category:Procedural_knowledge
http://dbpedia.org/resource/Anesthesiologist,http://dbpedia.org/resource/Category:Procedural_knowledge
http://dbpedia.org/resource/Canadian_Forest_Service,http://dbpedia.org/resource/Category:Procedural_knowledge
http://dbpedia.org/resource/Auditor,http://dbpedia.org/resource/Tradesman
http://dbpedia.org/resource/Governor,http://dbpedia.org/resource/Expert
http://dbpedia.org/resource/Theosophist,http://dbpedia.org/resource/Category:Motor_skills
http://dbpedia.org/resource/Compositor_(typesetting),http://dbpedia.org/resource/Category:Techniques
http://dbpedia.org/resource/Mysticism,http://dbpedia.org/resource/Compulsory_trade
http://dbpedia.org/resource/Telepathy,http://dbpedia.org/resource/Voluntary_trades
http://dbpedia.org/resource/CBC_Radio,http://dbpedia.org/resource/Mathematical_maturity
http://dbpedia.org/resource/The_Lambs_Club,http://dbpedia.org/resource/Seamanship
http://dbpedia.org/resource/Performance_artist,http://dbpedia.org/resource/Sunaina_Samriddhi_Foundation
http://dbpedia.org/resource/Film_critic,http://dbpedia.org/resource/Deen_Dayal_Upadhyaya_Grameen_Kaushalya_Yojana
http://dbpedia.org/resource/Beautician,http://dbpedia.org/resource/Practice_(learning_method)
http://dbpedia.org/resource/Illustrator,http://dbpedia.org/resource/Procedural_knowledge
http://dbpedia.org/resource/W_&_R_Chambers_Ltd,http://dbpedia.org/resource/How-to
http://dbpedia.org/resource/Amelia_Island_affair,http://dbpedia.org/resource/Category:Motor_skills
http://dbpedia.org/resource/Internet_Company,http://dbpedia.org/resource/Expertization
http://dbpedia.org/resource/Militia,http://dbpedia.org/resource/Career_portfolio
http://dbpedia.org/resource/Electrical_engineering,http://dbpedia.org/resource/Category:BBC_computer_literacy_projects
http://dbpedia.org/resource/Clairvoyance,http://dbpedia.org/resource/Category:Motor_skills
http://dbpedia.org/resource/National_Planning_Commission_of_South_Africa,http://dbpedia.org/resource/Skill_(labor)
http://dbpedia.org/resource/International_law,http://dbpedia.org/resource/Category:Pedagogy
http://dbpedia.org/resource/Salesman,http://dbpedia.org/resource/Skill_(labor)
http://dbpedia.org/resource/Academic_rank,http://dbpedia.org/resource/Computer_literacy
http://dbpedia.org/resource/Materials_science,http://dbpedia.org/resource/Skill
http://dbpedia.org/resource/Video_game_designer,http://dbpedia.org/resource/Do_it_yourself
http://dbpedia.org/resource/Social_scientist,http://dbpedia.org/resource/Category:Survival_skills
http://dbpedia.org/resource/Farmworker,http://dbpedia.org/resource/Transferable_skills_analysis
http://dbpedia.org/resource/Marine_Biologist,http://dbpedia.org/resource/Practice_(learning_method)
http://dbpedia.org/resource/Vogue_(magazine),http://dbpedia.org/resource/Category:Hobbies
http://dbpedia.org/resource/Actavis,http://dbpedia.org/resource/Computer_literacy
http://dbpedia.org/resource/Stroygazmntazh,http://dbpedia.org/resource/Individual_capital
http://dbpedia.org/resource/Bass_player,http://dbpedia.org/resource/Category:Vehicle_operation
http://dbpedia.org/resource/Luftwaffe,http://dbpedia.org/resource/Category:Techniques
http://dbpedia.org/resource/FDNY,http://dbpedia.org/resource/Non-Verbal_Reasoning
http://dbpedia.org/resource/NBC,http://dbpedia.org/resource/Category:Pedagogy
http://dbpedia.org/resource/Pimp,http://dbpedia.org/resource/Splinter_skill
http://dbpedia.org/resource/Aviator,http://dbpedia.org/resource/Skill_(labor)
http://dbpedia.org/resource/Investigative_reporter,http://dbpedia.org/resource/Category:Visual_arts
http://dbpedia.org/resource/Locating_engineer,http://dbpedia.org/resource/Negative_capability
http://dbpedia.org/resource/Biologist,http://dbpedia.org/resource/Chef
http://dbpedia.org/resource/LGBT_social_movements,http://dbpedia.org/resource/Deen_Dayal_Upadhyaya_Grameen_Kaushalya_Yojana
http://dbpedia.org/resource/W_Magazine,http://dbpedia.org/resource/Splinter_skill
http://dbpedia.org/resource/Ambassador,http://dbpedia.org/resource/21st_century_skills
http://dbpedia.org/resource/Sith,http://dbpedia.org/resource/Category:Pedagogy
http://dbpedia.org/resource/Tattoo_artist,http://dbpedia.org/resource/Deen_Dayal_Upadhyaya_Grameen_Kaushalya_Yojana
http://dbpedia.org/resource/Drag_queen,http://dbpedia.org/resource/Negative_capability
http://dbpedia.org/resource/Photography,http://dbpedia.org/resource/21st_century_skills
http://dbpedia.org/resource/Humanitarian,http://dbpedia.org/resource/Pradhan_Mantri_Kaushal_Vikas_Yojana
http://dbpedia.org/resource/Certified_Public_Accountant,http://dbpedia.org/resource/International_Computer_and_Information_Literacy_Study
http://dbpedia.org/resource/Councillor,http://dbpedia.org/resource/Transferable_skills_analysis
http://dbpedia.org/resource/Target:_The_Corruptors!,http://dbpedia.org/resource/Category:Literacy
http://dbpedia.org/resource/Lulu_Hypermarket,http://dbpedia.org/resource/Practice_(learning_method)
http://dbpedia.org/resource/Young_adult_fiction,http://dbpedia.org/resource/Category:Procedural_knowledge
http://dbpedia.org/resource/Marine_Biologist,http://dbpedia.org/resource/Four_stages_of_competence
http://dbpedia.org/resource/Beer_and_liquor_distributor,http://dbpedia.org/resource/Chef
http://dbpedia.org/resource/Hairdresser,http://dbpedia.org/resource/Dreyfus_model_of_skill_acquisition
http://dbpedia.org/resource/Governor_of_Louisiana,http://dbpedia.org/resource/Category:Occupations
http://dbpedia.org/resource/Gulf_Cartel,http://dbpedia.org/resource/Category:Aptitude
http://dbpedia.org/resource/Women's_suffrage,http://dbpedia.org/resource/Negative_capability
http://dbpedia.org/resource/Bolton_Wanderers_F.C.,http://dbpedia.org/resource/Craft
http://dbpedia.org/resource/Admiral,http://dbpedia.org/resource/Procedural_memory
http://dbpedia.org/resource/NoonTalk_Media,http://dbpedia.org/resource/Deskilling
http://dbpedia.org/resource/Cinematographers,http://dbpedia.org/resource/Aptitude
http://dbpedia.org/resource/Armadillo_Aerospace,http://dbpedia.org/resource/Voluntary_trades
http://dbpedia.org/resource/Flautist,http://dbpedia.org/resource/Transferable_skill
http://dbpedia.org/resource/Model_(profession),http://dbpedia.org/resource/Skill_(labor)
http://dbpedia.org/resource/Lady_of_the_Bedchamber,http://dbpedia.org/resource/Do_it_yourself
http://dbpedia.org/resource/Ensign_(rank),http://dbpedia.org/resource/Seamanship
http://dbpedia.org/resource/General,http://dbpedia.org/resource/Object_skill
http://dbpedia.org/resource/Project_Manager,http://dbpedia.org/resource/Four_stages_of_competence
http://dbpedia.org/resource/Acting,http://dbpedia.org/resource/Mathematical_maturity
http://dbpedia.org/resource/Promoter_(entertainment),http://dbpedia.org/resource/Category:Literacy
http://dbpedia.org/resource/GlaxoSmithKline,http://dbpedia.org/resource/Category:Procedural_knowledge
http://dbpedia.org/resource/Writ,http://dbpedia.org/resource/Mathematical_maturity
http://dbpedia.org/resource/Flamenco,http://dbpedia.org/resource/Practice_(learning_method)
http://dbpedia.org/resource/Prosecutor,http://dbpedia.org/resource/Tradesman
http://dbpedia.org/resource/Singer–songwriter,http://dbpedia.org/resource/Negative_capability
http://dbpedia.org/resource/Emergency_physician,http://dbpedia.org/resource/Expertization
http://dbpedia.org/resource/Michigan_State_House_of_Representatives,http://dbpedia.org/resource/Category:Visual_arts
http://dbpedia.org/resource/McDonald's,http://dbpedia.org/resource/Transferable_skill
http://dbpedia.org/resource/Naked_Wines,http://dbpedia.org/resource/Practice_(learning_method)
http://dbpedia.org/resource/British_Society_of_Cinematographers,http://dbpedia.org/resource/Expertization
http://dbpedia.org/resource/Radio_programmer,http://dbpedia.org/resource/Compulsory_trade
http://dbpedia.org/resource/Electronic_keyboard,http://dbpedia.org/resource/Skill_(labor)
http://dbpedia.org/resource/Christian_Broadcasting_Network,http://dbpedia.org/resource/Craft
http://dbpedia.org/resource/Geophysics,http://dbpedia.org/resource/Aptitude
http://dbpedia.org/resource/Auto_racing,http://dbpedia.org/resource/Computer_literacy
http://dbpedia.org/resource/Scientist,http://dbpedia.org/resource/Category:Vehicle_operation
http://dbpedia.org/resource/Archaeology,http://dbpedia.org/resource/Object_skill
http://dbpedia.org/resource/Actress,http://dbpedia.org/resource/Procedural_memory
http://dbpedia.org/resource/Secretary_of_State_(England),http://dbpedia.org/resource/Category:Methodology
"http://dbpedia.org/resource/Captain,Romanian_Army",http://dbpedia.org/resource/Skill
http://dbpedia.org/resource/World_Economic_Forum,http://dbpedia.org/resource/Mathematical_maturity
http://dbpedia.org/resource/Demographer,http://dbpedia.org/resource/Skill
http://dbpedia.org/resource/Wikt:principal,http://dbpedia.org/resource/Dreyfus_model_of_skill_acquisition
http://dbpedia.org/resource/New_Republic_(Star_Wars),http://dbpedia.org/resource/Category:Occupations
http://dbpedia.org/resource/Paperboy_(newspaper_delivery),http://dbpedia.org/resource/Transferable_skill
http://dbpedia.org/resource/Newscaster,http://dbpedia.org/resource/Aptitude
http://dbpedia.org/resource/Blackjack,http://dbpedia.org/resource/Do_it_yourself
http://dbpedia.org/resource/Judge,http://dbpedia.org/resource/Category:Aptitude
http://dbpedia.org/resource/Advocate,http://dbpedia.org/resource/Chef
http://dbpedia.org/resource/Limited_Brands,http://dbpedia.org/resource/Procedural_knowledge
http://dbpedia.org/resource/Deputy_Lieutenant,http://dbpedia.org/resource/Aptitude
http://dbpedia.org/resource/Selector_(disc_jockey),http://dbpedia.org/resource/Adaptive_expertise
http://dbpedia.org/resource/Young_adult_fiction,http://dbpedia.org/resource/Pradhan_Mantri_Kaushal_Vikas_Yojana
http://dbpedia.org/resource/Travel_writer,http://dbpedia.org/resource/Category:Crafts
http://dbpedia.org/resource/Worship_pastor,http://dbpedia.org/resource/Category:Occupations
http://dbpedia.org/resource/Numismatist,http://dbpedia.org/resource/Individual_capital
http://dbpedia.org/resource/Optician,http://dbpedia.org/resource/Category:Procedural_knowledge
http://dbpedia.org/resource/Federal_National_Council,http://dbpedia.org/resource/Deen_Dayal_Upadhyaya_Grameen_Kaushalya_Yojana
http://dbpedia.org/resource/Real_estate_professional,http://dbpedia.org/resource/Skill
http://dbpedia.org/resource/Calico_(company),http://dbpedia.org/resource/Category:Literacy
http://dbpedia.org/resource/Social_psychologist,http://dbpedia.org/resource/Pradhan_Mantri_Kaushal_Vikas_Yojana
http://dbpedia.org/resource/Royal_Agricultural_Society_of_New_South_Wales,http://dbpedia.org/resource/Category:Hobbies
http://dbpedia.org/resource/Security_guard,http://dbpedia.org/resource/Skill_(labor)
http://dbpedia.org/resource/Arrangement,http://dbpedia.org/resource/Individual_capital
http://dbpedia.org/resource/Stuntman,http://dbpedia.org/resource/Chef
http://dbpedia.org/resource/Flight_controller,http://dbpedia.org/resource/Category:Life_skills
http://dbpedia.org/resource/Music,http://dbpedia.org/resource/Category:Motor_skills
http://dbpedia.org/resource/Bandleader,http://dbpedia.org/resource/Category:Life_skills
http://dbpedia.org/resource/Scientist,http://dbpedia.org/resource/Skill
http://dbpedia.org/resource/Small_business_owner,http://dbpedia.org/resource/Four_stages_of_competence
http://dbpedia.org/resource/Television_actress,http://dbpedia.org/resource/Transferable_skill
http://dbpedia.org/resource/Business,http://dbpedia.org/resource/Game_of_skill
http://dbpedia.org/resource/Right_to_Information_Act,http://dbpedia.org/resource/Adaptive_expertise
http://dbpedia.org/resource/Crime_writer,http://dbpedia.org/resource/Category:BBC_computer_literacy_projects
http://dbpedia.org/resource/Tiatr,http://dbpedia.org/resource/Category:Life_skills
http://dbpedia.org/resource/Technical_drawing,http://dbpedia.org/resource/Transferable_skill
http://dbpedia.org/resource/Software_developer,http://dbpedia.org/resource/Sunaina_Samriddhi_Foundation
http://dbpedia.org/resource/Pacifism,http://dbpedia.org/resource/Category:Occupations
http://dbpedia.org/resource/Writing,http://dbpedia.org/resource/Dreyfus_model_of_skill_acquisition
http://dbpedia.org/resource/Women's_suffrage,http://dbpedia.org/resource/Dreyfus_model_of_skill_acquisition
http://dbpedia.org/resource/Investment_Banker,http://dbpedia.org/resource/Tradesman
http://dbpedia.org/resource/Oil_platform,http://dbpedia.org/resource/Category:Pedagogy
http://dbpedia.org/resource/Singing,http://dbpedia.org/resource/Category:Pedagogy
http://dbpedia.org/resource/Mezzo-soprano,http://dbpedia.org/resource/Seamanship
http://dbpedia.org/resource/Governor_of_Gibraltar,http://dbpedia.org/resource/Splinter_skill
http://dbpedia.org/resource/Military_attaché,http://dbpedia.org/resource/Craft
http://dbpedia.org/resource/Philanthropist,http://dbpedia.org/resource/Category:BBC_computer_literacy_projects
http://dbpedia.org/resource/LockerDome,http://dbpedia.org/resource/Seamanship
http://dbpedia.org/resource/Harvard_University,http://dbpedia.org/resource/Category:BBC_computer_literacy_projects
http://dbpedia.org/resource/Character_actor,http://dbpedia.org/resource/Pradhan_Mantri_Kaushal_Vikas_Yojana
http://dbpedia.org/resource/Hang_glider,http://dbpedia.org/resource/Category:Procedural_knowledge
http://dbpedia.org/resource/Ski_school,http://dbpedia.org/resource/Four_stages_of_competence
http://dbpedia.org/resource/Chief_executive,http://dbpedia.org/resource/Pradhan_Mantri_Kaushal_Vikas_Yojana
http://dbpedia.org/resource/LockerDome,http://dbpedia.org/resource/Aptitude
http://dbpedia.org/resource/Daniel_Hertz_S.A.,http://dbpedia.org/resource/Game_of_skill
http://dbpedia.org/resource/Hartz_Mountain_Industries,http://dbpedia.org/resource/Category:Visual_arts
http://dbpedia.org/resource/Produce_wholesaler,http://dbpedia.org/resource/Pradhan_Mantri_Kaushal_Vikas_Yojana
http://dbpedia.org/resource/Cooperative_Extension,http://dbpedia.org/resource/Individual_capital
"http://dbpedia.org/resource/Osseo,_Minnesota",http://dbpedia.org/resource/Tradesman
http://dbpedia.org/resource/Bassist,http://dbpedia.org/resource/Do_it_yourself
http://dbpedia.org/resource/NBC_News,http://dbpedia.org/resource/Skill
http://dbpedia.org/resource/Kidnapping,http://dbpedia.org/resource/Category:Motor_skills
http://dbpedia.org/resource/United_Farmers_of_Canada,http://dbpedia.org/resource/Adaptive_expertise
http://dbpedia.org/resource/Azul_Brazilian_Airlines,http://dbpedia.org/resource/Expert
http://dbpedia.org/resource/Home_Ministry_(Japan),http://dbpedia.org/resource/21st_century_skills
http://dbpedia.org/resource/Mediumship,http://dbpedia.org/resource/Adaptive_expertise
http://dbpedia.org/resource/Jazz_guitarist,http://dbpedia.org/resource/Artisan
http://dbpedia.org/resource/Songster,http://dbpedia.org/resource/Aptitude
http://dbpedia.org/resource/Student,http://dbpedia.org/resource/Category:Visual_arts
http://dbpedia.org/resource/Colonel_(United_States),http://dbpedia.org/resource/Practice_(learning_method)
http://dbpedia.org/resource/WFUV,http://dbpedia.org/resource/Skill
http://dbpedia.org/resource/U.S._Marine,http://dbpedia.org/resource/Seamanship
http://dbpedia.org/resource/Multi-instrumentalist,http://dbpedia.org/resource/Artisan
http://dbpedia.org/resource/Bundeswehr,http://dbpedia.org/resource/Category:Hobbies
http://dbpedia.org/resource/Military_attaché,http://dbpedia.org/resource/Non-Verbal_Reasoning
http://dbpedia.org/resource/Gay_rights,http://dbpedia.org/resource/Compulsory_trade
http://dbpedia.org/resource/DJ,http://dbpedia.org/resource/Voluntary_trades
http://dbpedia.org/resource/Colorado_Rapids,http://dbpedia.org/resource/Tradesman
http://dbpedia.org/resource/Management_consultant,http://dbpedia.org/resource/Category:Survival_skills
http://dbpedia.org/resource/Neurology,http://dbpedia.org/resource/Category:BBC_computer_literacy_projects
http://dbpedia.org/resource/General_manager_(baseball),http://dbpedia.org/resource/Aptitude
http://dbpedia.org/resource/Singer-Songwriter,http://dbpedia.org/resource/Skill_(labor)
http://dbpedia.org/resource/Electrical_engineering,http://dbpedia.org/resource/Skill
http://dbpedia.org/resource/Film,http://dbpedia.org/resource/Artisan
http://dbpedia.org/resource/Justice_of_the_Peace,http://dbpedia.org/resource/Category:Techniques
http://dbpedia.org/resource/Balloonist,http://dbpedia.org/resource/Category:Life_skills
http://dbpedia.org/resource/Printmaker,http://dbpedia.org/resource/Category:Methodology
http://dbpedia.org/resource/Rebel_Alliance,http://dbpedia.org/resource/Mathematical_maturity
http://dbpedia.org/resource/Goldman_Sachs,http://dbpedia.org/resource/Category:Hobbies
http://dbpedia.org/resource/Officer_(armed_forces),http://dbpedia.org/resource/Category:Visual_arts
http://dbpedia.org/resource/Radio_Broadcaster,http://dbpedia.org/resource/Craft
http://dbpedia.org/resource/Ballet_dancer,http://dbpedia.org/resource/Category:Crafts
http://dbpedia.org/resource/Chevau-légers,http://dbpedia.org/resource/Deskilling
http://dbpedia.org/resource/University_of_Pennsylvania,http://dbpedia.org/resource/Four_stages_of_competence
http://dbpedia.org/resource/Motor_racing,http://dbpedia.org/resource/Four_stages_of_competence
http://dbpedia.org/resource/Deputy_Director_for_Intelligence,http://dbpedia.org/resource/Category:Survival_skills
http://dbpedia.org/resource/Private_Investigator,http://dbpedia.org/resource/Category:Motor_skills
http://dbpedia.org/resource/Screenplay_writer,http://dbpedia.org/resource/Chef
http://dbpedia.org/resource/Management_consultant,http://dbpedia.org/resource/Category:Vehicle_operation
http://dbpedia.org/resource/Literary_editor,http://dbpedia.org/resource/Expert
http://dbpedia.org/resource/Governor_of_Acadia,http://dbpedia.org/resource/Procedural_memory
http://dbpedia.org/resource/Christian_Vision_for_Men,http://dbpedia.org/resource/Sunaina_Samriddhi_Foundation
http://dbpedia.org/resource/Balloonist,http://dbpedia.org/resource/Expertization
http://dbpedia.org/resource/Software_Developer,http://dbpedia.org/resource/Pradhan_Mantri_Kaushal_Vikas_Yojana
http://dbpedia.org/resource/Mixed_martial_artist,http://dbpedia.org/resource/Adaptive_expertise
http://dbpedia.org/resource/Poultry,http://dbpedia.org/resource/Computer_literacy
http://dbpedia.org/resource/Fire_fighter,http://dbpedia.org/resource/Category:Life_skills
http://dbpedia.org/resource/Stroygazmntazh,http://dbpedia.org/resource/Category:BBC_computer_literacy_projects
http://dbpedia.org/resource/Scenic_design,http://dbpedia.org/resource/Computer_literacy
http://dbpedia.org/resource/Engineer,http://dbpedia.org/resource/International_Computer_and_Information_Literacy_Study
http://dbpedia.org/resource/Innkeeper,http://dbpedia.org/resource/Practice_(learning_method)
http://dbpedia.org/resource/Muthoot_Finance,http://dbpedia.org/resource/Aptitude
http://dbpedia.org/resource/Federal_Reserve_Bank_of_Richmond,http://dbpedia.org/resource/Artisan
http://dbpedia.org/resource/Marburg-Biedenkopf,http://dbpedia.org/resource/Category:Crafts
http://dbpedia.org/resource/Remix,http://dbpedia.org/resource/Category:Pedagogy
http://dbpedia.org/resource/Union_organizer,http://dbpedia.org/resource/Expert
http://dbpedia.org/resource/Automobile,http://dbpedia.org/resource/Expertization
http://dbpedia.org/resource/Clerk_(position),http://dbpedia.org/resource/Deskilling
http://dbpedia.org/resource/Roman_governor,http://dbpedia.org/resource/Category:Crafts
http://dbpedia.org/resource/Interior_design,http://dbpedia.org/resource/Mathematical_maturity
http://dbpedia.org/resource/Linguist,http://dbpedia.org/resource/How-to
http://dbpedia.org/resource/American_Sniper_(book),http://dbpedia.org/resource/Category:Life_skills
http://dbpedia.org/resource/Horticulturalist,http://dbpedia.org/resource/Game_of_skill
http://dbpedia.org/resource/Social_psychologist,http://dbpedia.org/resource/Individual_capital
http://dbpedia.org/resource/Master_of_Ceremonies,http://dbpedia.org/resource/Category:Techniques
http://dbpedia.org/resource/Entertainment,http://dbpedia.org/resource/Expertization
http://dbpedia.org/resource/Politician,http://dbpedia.org/resource/Mathematical_maturity
http://dbpedia.org/resource/Mercer_(occupation),http://dbpedia.org/resource/Transferable_skill
http://dbpedia.org/resource/NHK,http://dbpedia.org/resource/Tradesman
http://dbpedia.org/resource/Dairy_farming,http://dbpedia.org/resource/Category:Crafts
http://dbpedia.org/resource/Chiropractor,http://dbpedia.org/resource/Category:Methodology
http://dbpedia.org/resource/Flautist,http://dbpedia.org/resource/Artisan
http://dbpedia.org/resource/Delhi,http://dbpedia.org/resource/Object_skill
http://dbpedia.org/resource/Executive_chef,http://dbpedia.org/resource/Negative_capability
http://dbpedia.org/resource/Natural_scientist,http://dbpedia.org/resource/Compulsory_trade
http://dbpedia.org/resource/Middlesbrough,http://dbpedia.org/resource/Sunaina_Samriddhi_Foundation
http://dbpedia.org/resource/General_Surgery,http://dbpedia.org/resource/Category:Life_skills
http://dbpedia.org/resource/Pilot_in_command,http://dbpedia.org/resource/Category:Techniques
http://dbpedia.org/resource/Constable,http://dbpedia.org/resource/Transferable_skills_analysis
http://dbpedia.org/resource/Chancellor_(education),http://dbpedia.org/resource/Deen_Dayal_Upadhyaya_Grameen_Kaushalya_Yojana
http://dbpedia.org/resource/National_People's_Congress,http://dbpedia.org/resource/Transferable_skills_analysis
http://dbpedia.org/resource/Athlete,http://dbpedia.org/resource/Category:Vehicle_operation
http://dbpedia.org/resource/Gambler,http://dbpedia.org/resource/Category:Methodology
http://dbpedia.org/resource/Beer_and_liquor_distributor,http://dbpedia.org/resource/Mathematical_maturity
http://dbpedia.org/resource/Professional_wrestler,http://dbpedia.org/resource/Tradesman
http://dbpedia.org/resource/Record_producer,http://dbpedia.org/resource/Category:Crafts
http://dbpedia.org/resource/Massachusetts_General_Court,http://dbpedia.org/resource/Mathematical_maturity
http://dbpedia.org/resource/Game_designer,http://dbpedia.org/resource/Category:Pedagogy
http://dbpedia.org/resource/Defense_firm,http://dbpedia.org/resource/Object_skill
http://dbpedia.org/resource/Nancy_(TV_series),http://dbpedia.org/resource/Category:Literacy
http://dbpedia.org/resource/Costume_Designer,http://dbpedia.org/resource/Deen_Dayal_Upadhyaya_Grameen_Kaushalya_Yojana
http://dbpedia.org/resource/IBM,http://dbpedia.org/resource/Category:Methodology
http://dbpedia.org/resource/Militia,http://dbpedia.org/resource/Mathematical_maturity
http://dbpedia.org/resource/Creative_director,http://dbpedia.org/resource/Tradesman
http://dbpedia.org/resource/Promotional_model,http://dbpedia.org/resource/Procedural_knowledge
http://dbpedia.org/resource/Medical_coder,http://dbpedia.org/resource/Mathematical_maturity
http://dbpedia.org/resource/Duke_of_Edinburgh's_Royal_Regiment,http://dbpedia.org/resource/Category:Occupations
http://dbpedia.org/resource/Flight_attendant,http://dbpedia.org/resource/Negative_capability
http://dbpedia.org/resource/Dispensing_chemist,http://dbpedia.org/resource/Category:Survival_skills
http://dbpedia.org/resource/British_Society_of_Cinematographers,http://dbpedia.org/resource/Expertization
http://dbpedia.org/resource/Bandidos,http://dbpedia.org/resource/Adaptive_expertise
http://dbpedia.org/resource/Activist,http://dbpedia.org/resource/Voluntary_trades
http://dbpedia.org/resource/Global_Network_Navigator,http://dbpedia.org/resource/Practice_(learning_method)
http://dbpedia.org/resource/Education,http://dbpedia.org/resource/Deen_Dayal_Upadhyaya_Grameen_Kaushalya_Yojana
http://dbpedia.org/resource/Mark_Levinson_Audio_Systems,http://dbpedia.org/resource/Object_skill
http://dbpedia.org/resource/Justice_of_the_Peace,http://dbpedia.org/resource/Dreyfus_model_of_skill_acquisition
http://dbpedia.org/resource/Horticulturist,http://dbpedia.org/resource/Individual_capital
http://dbpedia.org/resource/Hip-hop_production,http://dbpedia.org/resource/Category:Crafts
http://dbpedia.org/resource/Criminal_investigation,http://dbpedia.org/resource/Adaptive_expertise
http://dbpedia.org/resource/Computer_programming,http://dbpedia.org/resource/Transferable_skill
http://dbpedia.org/resource/Psychoanalyst,http://dbpedia.org/resource/Adaptive_expertise
http://dbpedia.org/resource/News_reporter,http://dbpedia.org/resource/Skill_(labor)
http://dbpedia.org/resource/Police_Detective,http://dbpedia.org/resource/Category:Crafts
http://dbpedia.org/resource/Art_historian,http://dbpedia.org/resource/Category:Methodology
http://dbpedia.org/resource/Democracy_for_America,http://dbpedia.org/resource/Category:Literacy
http://dbpedia.org/resource/Meteorology,http://dbpedia.org/resource/Transferable_skill
http://dbpedia.org/resource/Business_magnate,http://dbpedia.org/resource/Category:Motor_skills
http://dbpedia.org/resource/Magician_(fantasy),http://dbpedia.org/resource/Procedural_memory
http://dbpedia.org/resource/Corrections_officer,http://dbpedia.org/resource/Procedural_knowledge
http://dbpedia.org/resource/Acute_Assessment_Unit,http://dbpedia.org/resource/Category:Hobbies
http://dbpedia.org/resource/Insurer,http://dbpedia.org/resource/Category:Procedural_knowledge
http://dbpedia.org/resource/Global_Creatures,http://dbpedia.org/resource/Pradhan_Mantri_Kaushal_Vikas_Yojana
http://dbpedia.org/resource/Management,http://dbpedia.org/resource/Transferable_skills_analysis
http://dbpedia.org/resource/List_of_mayors_and_lord_mayors_of_Melbourne,http://dbpedia.org/resource/Category:Hobbies
http://dbpedia.org/resource/Alston_&_Bird,http://dbpedia.org/resource/Non-Verbal_Reasoning
http://dbpedia.org/resource/Royal_justice,http://dbpedia.org/resource/Craft
http://dbpedia.org/resource/Fashion_photography,http://dbpedia.org/resource/Non-Verbal_Reasoning
http://dbpedia.org/resource/Kathak,http://dbpedia.org/resource/Splinter_skill
http://dbpedia.org/resource/University_of_Cincinnati,http://dbpedia.org/resource/How-to
http://dbpedia.org/resource/Jesuit,http://dbpedia.org/resource/Category:BBC_computer_literacy_projects
http://dbpedia.org/resource/4-H,http://dbpedia.org/resource/Transferable_skill
http://dbpedia.org/resource/Set_decorator,http://dbpedia.org/resource/Category:Visual_arts
http://dbpedia.org/resource/Mechanical_engineer,http://dbpedia.org/resource/Category:Crafts
http://dbpedia.org/resource/Landscaper,http://dbpedia.org/resource/Category:Motor_skills
http://dbpedia.org/resource/Theology,http://dbpedia.org/resource/Game_of_skill
http://dbpedia.org/resource/Pastoralism,http://dbpedia.org/resource/Category:Procedural_knowledge
http://dbpedia.org/resource/Gerontologist,http://dbpedia.org/resource/Category:Hobbies
http://dbpedia.org/resource/CBC_Radio,http://dbpedia.org/resource/Sunaina_Samriddhi_Foundation
http://dbpedia.org/resource/Fox_Business_Network,http://dbpedia.org/resource/Computer_literacy
http://dbpedia.org/resource/Militia,http://dbpedia.org/resource/Category:Crafts
http://dbpedia.org/resource/UK,http://dbpedia.org/resource/Game_of_skill
http://dbpedia.org/resource/Nazi_concentration_camps,http://dbpedia.org/resource/Expertization
http://dbpedia.org/resource/Dentist,http://dbpedia.org/resource/Transferable_skill
http://dbpedia.org/resource/Witch,http://dbpedia.org/resource/Category:Methodology
http://dbpedia.org/resource/TV_Personality,http://dbpedia.org/resource/Do_it_yourself
http://dbpedia.org/resource/Door-to-door,http://dbpedia.org/resource/Transferable_skills_analysis
http://dbpedia.org/resource/Prosecutor,http://dbpedia.org/resource/Individual_capital
http://dbpedia.org/resource/Record_producer,http://dbpedia.org/resource/Category:Techniques
http://dbpedia.org/resource/Sound_Designer,http://dbpedia.org/resource/Category:Visual_arts
http://dbpedia.org/resource/Ethnomusicologist,http://dbpedia.org/resource/Category:Aptitude
http://dbpedia.org/resource/Custer_(TV_series),http://dbpedia.org/resource/Pradhan_Mantri_Kaushal_Vikas_Yojana
http://dbpedia.org/resource/Artist%5D%5BMusician,http://dbpedia.org/resource/Voluntary_trades
http://dbpedia.org/resource/Audio_Engineer,http://dbpedia.org/resource/Splinter_skill
http://dbpedia.org/resource/Speculative_fiction,http://dbpedia.org/resource/Procedural_knowledge
http://dbpedia.org/resource/Record_production,http://dbpedia.org/resource/Practice_(learning_method)
http://dbpedia.org/resource/Pathway_Centers_for_Children,http://dbpedia.org/resource/Object_skill
http://dbpedia.org/resource/Cairo_Opera,http://dbpedia.org/resource/Artisan
http://dbpedia.org/resource/Comics,http://dbpedia.org/resource/Procedural_knowledge
http://dbpedia.org/resource/Blackjack,http://dbpedia.org/resource/Category:Literacy
"http://dbpedia.org/resource/Western_Jihadism_Project,_Founder",http://dbpedia.org/resource/Procedural_knowledge
http://dbpedia.org/resource/World_Network_of_Users_and_Survivors_of_Psychiatry,http://dbpedia.org/resource/Tradesman
http://dbpedia.org/resource/Mountaineer,http://dbpedia.org/resource/Career_portfolio
http://dbpedia.org/resource/Sideman,http://dbpedia.org/resource/Category:Procedural_knowledge
http://dbpedia.org/resource/Founder_-_Director,http://dbpedia.org/resource/Skill_(labor)
http://dbpedia.org/resource/Humorist,http://dbpedia.org/resource/Object_skill
http://dbpedia.org/resource/Lexicographer,http://dbpedia.org/resource/Game_of_skill
http://dbpedia.org/resource/Numismatist,http://dbpedia.org/resource/Category:Vehicle_operation
http://dbpedia.org/resource/Executive_Producer,http://dbpedia.org/resource/Sunaina_Samriddhi_Foundation
http://dbpedia.org/resource/Detective,http://dbpedia.org/resource/Deen_Dayal_Upadhyaya_Grameen_Kaushalya_Yojana
http://GuestofaGuest.com,http://dbpedia.org/resource/Game_of_skill
http://dbpedia.org/resource/Trombone,http://dbpedia.org/resource/Category:Survival_skills
http://dbpedia.org/resource/Vocalist,http://dbpedia.org/resource/Tradesman
http://dbpedia.org/resource/Judge,http://dbpedia.org/resource/Individual_capital
http://dbpedia.org/resource/Record_production,http://dbpedia.org/resource/Career_portfolio
http://dbpedia.org/resource/Body_builder,http://dbpedia.org/resource/Expert
http://dbpedia.org/resource/Attorney_General,http://dbpedia.org/resource/Tradesman
http://dbpedia.org/resource/Public_speaking,http://dbpedia.org/resource/Category:Aptitude
http://dbpedia.org/resource/Center_for_Investigative_Reporting,http://dbpedia.org/resource/Category:Survival_skills
http://dbpedia.org/resource/Psychologist,http://dbpedia.org/resource/Chef
http://dbpedia.org/resource/Toolmaker,http://dbpedia.org/resource/Negative_capability
http://dbpedia.org/resource/Clergy,http://dbpedia.org/resource/Craft
http://dbpedia.org/resource/Edmund_A._Walsh_School_of_Foreign_Service,http://dbpedia.org/resource/Game_of_skill
http://dbpedia.org/resource/Licensed_Professional_Counselor,http://dbpedia.org/resource/Skill_(labor)
http://dbpedia.org/resource/Deputy_Lieutenant,http://dbpedia.org/resource/Voluntary_trades
http://dbpedia.org/resource/Indian_classical_music,http://dbpedia.org/resource/Category:Aptitude
http://dbpedia.org/resource/New_York_City_Fire_Department,http://dbpedia.org/resource/Category:Pedagogy
http://dbpedia.org/resource/Computer,http://dbpedia.org/resource/Transferable_skill
http://dbpedia.org/resource/Sheriffs_in_the_United_States,http://dbpedia.org/resource/Category:Motor_skills
http://dbpedia.org/resource/Soviet_dissidents,http://dbpedia.org/resource/Splinter_skill
http://dbpedia.org/resource/News_Anchor,http://dbpedia.org/resource/Deen_Dayal_Upadhyaya_Grameen_Kaushalya_Yojana
http://dbpedia.org/resource/Auditing_(Scientology),http://dbpedia.org/resource/Deskilling
http://dbpedia.org/resource/Floral_design,http://dbpedia.org/resource/Procedural_knowledge
http://dbpedia.org/resource/President_of_Rutgers_University,http://dbpedia.org/resource/Four_stages_of_competence
http://dbpedia.org/resource/Powerlifter,http://dbpedia.org/resource/How-to
http://dbpedia.org/resource/Background_vocals,http://dbpedia.org/resource/Pradhan_Mantri_Kaushal_Vikas_Yojana
http://dbpedia.org/resource/Buddhist_monk,http://dbpedia.org/resource/Category:Hobbies
http://dbpedia.org/resource/Landscaper,http://dbpedia.org/resource/Sunaina_Samriddhi_Foundation
http://dbpedia.org/resource/Anglicanism,http://dbpedia.org/resource/Chef
http://dbpedia.org/resource/Company_Director,http://dbpedia.org/resource/Category:Literacy
http://dbpedia.org/resource/Video_game_artist,http://dbpedia.org/resource/Category:Crafts
http://dbpedia.org/resource/Trauma_surgeon,http://dbpedia.org/resource/Computer_literacy
"http://dbpedia.org/resource/Author,_Poet",http://dbpedia.org/resource/Procedural_knowledge
http://dbpedia.org/resource/Brothers_at_War,http://dbpedia.org/resource/International_Computer_and_Information_Literacy_Study
http://dbpedia.org/resource/Mara_Group,http://dbpedia.org/resource/21st_century_skills
http://dbpedia.org/resource/Musical_Theatre,http://dbpedia.org/resource/Negative_capability
http://dbpedia.org/resource/Publisher,http://dbpedia.org/resource/Category:Motor_skills
http://dbpedia.org/resource/Stroymontazh,http://dbpedia.org/resource/Aptitude
http://dbpedia.org/resource/Human_rights,http://dbpedia.org/resource/Procedural_knowledge
http://dbpedia.org/resource/Environmental_engineering,http://dbpedia.org/resource/Game_of_skill
http://dbpedia.org/resource/Acton_Institute,http://dbpedia.org/resource/Practice_(learning_method)
http://dbpedia.org/resource/Unimark_International,http://dbpedia.org/resource/International_Computer_and_Information_Literacy_Study
http://dbpedia.org/resource/Screenwriter,http://dbpedia.org/resource/Sunaina_Samriddhi_Foundation
http://dbpedia.org/resource/Lumberjack,http://dbpedia.org/resource/Category:Occupations
http://dbpedia.org/resource/SS,http://dbpedia.org/resource/Splinter_skill
http://www.usfcenter.org,http://dbpedia.org/resource/Game_of_skill
http://dbpedia.org/resource/Music_of_Sweden,http://dbpedia.org/resource/Category:Crafts
http://dbpedia.org/resource/Software_developer,http://dbpedia.org/resource/Individual_capital
http://dbpedia.org/resource/Lord_Justice_of_Appeal,http://dbpedia.org/resource/Voluntary_trades
http://dbpedia.org/resource/Member_of_the_Legislative_Assembly_(India),http://dbpedia.org/resource/21st_century_skills
http://dbpedia.org/resource/University_of_Pennsylvania,http://dbpedia.org/resource/Category:Occupations
http://dbpedia.org/resource/Settler,http://dbpedia.org/resource/Category:Occupations
http://dbpedia.org/resource/Third_German_Antarctic_Expedition,http://dbpedia.org/resource/Category:Pedagogy
http://dbpedia.org/resource/Conquistador,http://dbpedia.org/resource/Category:Occupations
http://dbpedia.org/resource/Community_General_Hospital's,http://dbpedia.org/resource/Artisan
http://dbpedia.org/resource/Louisville_Herald,http://dbpedia.org/resource/Expert
http://dbpedia.org/resource/Nobility,http://dbpedia.org/resource/Do_it_yourself
http://dbpedia.org/resource/Third_German_Antarctic_Expedition,http://dbpedia.org/resource/Procedural_knowledge
http://dbpedia.org/resource/Merchant,http://dbpedia.org/resource/Procedural_knowledge
http://dbpedia.org/resource/Film,http://dbpedia.org/resource/How-to
http://dbpedia.org/resource/Radio_jockey,http://dbpedia.org/resource/Category:Hobbies
http://dbpedia.org/resource/People_to_People_International,http://dbpedia.org/resource/Craft
http://dbpedia.org/resource/Michigan_State_House_of_Representatives,http://dbpedia.org/resource/Four_stages_of_competence
http://dbpedia.org/resource/Electronic_keyboard,http://dbpedia.org/resource/Category:Aptitude
http://dbpedia.org/resource/Screen_writer,http://dbpedia.org/resource/Skill
http://dbpedia.org/resource/SD-6,http://dbpedia.org/resource/Sunaina_Samriddhi_Foundation
http://dbpedia.org/resource/Military_of_Austria,http://dbpedia.org/resource/Dreyfus_model_of_skill_acquisition
http://dbpedia.org/resource/Mandalorian,http://dbpedia.org/resource/Non-Verbal_Reasoning
http://dbpedia.org/resource/Media_proprietor,http://dbpedia.org/resource/Category:Crafts
http://dbpedia.org/resource/High_school_student,http://dbpedia.org/resource/Category:Vehicle_operation
http://dbpedia.org/resource/Explorer,http://dbpedia.org/resource/Skill_(labor)
http://dbpedia.org/resource/Casting_director,http://dbpedia.org/resource/21st_century_skills
http://dbpedia.org/resource/New_South_Wales_Legislative_Assembly,http://dbpedia.org/resource/Category:Crafts
http://dbpedia.org/resource/Orchestra,http://dbpedia.org/resource/21st_century_skills
http://dbpedia.org/resource/Civil_Aviation_Authority_of_Israel,http://dbpedia.org/resource/Object_skill
http://dbpedia.org/resource/Powerlifter,http://dbpedia.org/resource/Transferable_skill
http://dbpedia.org/resource/Tap_dance,http://dbpedia.org/resource/Mathematical_maturity
http://dbpedia.org/resource/Party_promoter,http://dbpedia.org/resource/Seamanship
http://dbpedia.org/resource/King_of_Spain,http://dbpedia.org/resource/Aptitude
http://dbpedia.org/resource/Disk_jockey,http://dbpedia.org/resource/Deen_Dayal_Upadhyaya_Grameen_Kaushalya_Yojana
http://dbpedia.org/resource/Aviator,http://dbpedia.org/resource/Do_it_yourself
http://dbpedia.org/resource/Electorate_of_Saxony,http://dbpedia.org/resource/Aptitude
http://dbpedia.org/resource/Imam_khatib_(Sunni_Islam),http://dbpedia.org/resource/Adaptive_expertise
http://dbpedia.org/resource/Lord_Chancellor,http://dbpedia.org/resource/Category:Literacy
http://dbpedia.org/resource/Tabla,http://dbpedia.org/resource/How-to
http://dbpedia.org/resource/Lobbying,http://dbpedia.org/resource/Category:BBC_computer_literacy_projects
http://dbpedia.org/resource/New_South_Wales_Electoral_Commission,http://dbpedia.org/resource/Expert
http://dbpedia.org/resource/National_Assembly_of_France,http://dbpedia.org/resource/Category:Pedagogy
http://dbpedia.org/resource/Talent_agent,http://dbpedia.org/resource/Category:Vehicle_operation
http://dbpedia.org/resource/Tregony_(UK_Parliament_constituency),http://dbpedia.org/resource/Category:Hobbies
http://dbpedia.org/resource/Scientology,http://dbpedia.org/resource/Adaptive_expertise
http://dbpedia.org/resource/Patron,http://dbpedia.org/resource/Craft
http://dbpedia.org/resource/Sound_Designer,http://dbpedia.org/resource/Sunaina_Samriddhi_Foundation
http://dbpedia.org/resource/Union_representative,http://dbpedia.org/resource/Seamanship
http://dbpedia.org/resource/National_Football_League,http://dbpedia.org/resource/Category:Aptitude
http://dbpedia.org/resource/French_language,http://dbpedia.org/resource/Adaptive_expertise
http://dbpedia.org/resource/World_Economic_Forum,http://dbpedia.org/resource/Mathematical_maturity
http://dbpedia.org/resource/Naval_intelligence,http://dbpedia.org/resource/Category:Aptitude
http://dbpedia.org/resource/Nonprofit,http://dbpedia.org/resource/Category:Methodology
http://dbpedia.org/resource/Ottoman_Empire,http://dbpedia.org/resource/Category:Techniques
http://dbpedia.org/resource/Northwestern_State_University,http://dbpedia.org/resource/21st_century_skills
http://dbpedia.org/resource/Surveying,http://dbpedia.org/resource/Skill
http://dbpedia.org/resource/Angel_investor,http://dbpedia.org/resource/Game_of_skill
http://dbpedia.org/resource/Chemical_engineer,http://dbpedia.org/resource/Pradhan_Mantri_Kaushal_Vikas_Yojana
http://dbpedia.org/resource/Sports_journalist,http://dbpedia.org/resource/Category:BBC_computer_literacy_projects
http://dbpedia.org/resource/Criminal_psychology,http://dbpedia.org/resource/Transferable_skill
http://dbpedia.org/resource/Catholic_priest,http://dbpedia.org/resource/Aptitude
http://dbpedia.org/resource/Television_Director,http://dbpedia.org/resource/Practice_(learning_method)
http://dbpedia.org/resource/Professors_in_the_United_States,http://dbpedia.org/resource/Expertization
http://dbpedia.org/resource/Music_composer,http://dbpedia.org/resource/Pradhan_Mantri_Kaushal_Vikas_Yojana
http://dbpedia.org/resource/Japanologist,http://dbpedia.org/resource/Skill_(labor)
http://dbpedia.org/resource/Acton_Institute,http://dbpedia.org/resource/Deskilling
http://dbpedia.org/resource/Piano,http://dbpedia.org/resource/Category:Techniques
http://dbpedia.org/resource/Bookseller,http://dbpedia.org/resource/Dreyfus_model_of_skill_acquisition
http://dbpedia.org/resource/Electra_Flyer_Corporation,http://dbpedia.org/resource/Procedural_knowledge
http://dbpedia.org/resource/Guide,http://dbpedia.org/resource/Expert
http://dbpedia.org/resource/Acting,http://dbpedia.org/resource/Expert
http://dbpedia.org/resource/Mechanical_engineer,http://dbpedia.org/resource/Category:Crafts
http://dbpedia.org/resource/Illuminated_manuscript,http://dbpedia.org/resource/Transferable_skills_analysis
http://dbpedia.org/resource/Tribhuvan-university.edu.np,http://dbpedia.org/resource/Category:Visual_arts
http://dbpedia.org/resource/Boxing,http://dbpedia.org/resource/Tradesman
http://dbpedia.org/resource/Ambassador,http://dbpedia.org/resource/Transferable_skills_analysis
http://dbpedia.org/resource/Cairo_Opera,http://dbpedia.org/resource/21st_century_skills
http://dbpedia.org/resource/Margrave,http://dbpedia.org/resource/Category:Pedagogy
http://dbpedia.org/resource/Voice_Actor,http://dbpedia.org/resource/Tradesman
http://dbpedia.org/resource/New_York_Yankees,http://dbpedia.org/resource/Craft
http://dbpedia.org/resource/Theatre_Director,http://dbpedia.org/resource/Category:Pedagogy
http://dbpedia.org/resource/Flautist,http://dbpedia.org/resource/International_Computer_and_Information_Literacy_Study
http://dbpedia.org/resource/Hobo,http://dbpedia.org/resource/Splinter_skill
http://dbpedia.org/resource/Contralto,http://dbpedia.org/resource/Game_of_skill
http://dbpedia.org/resource/Kwisatz_Haderach,http://dbpedia.org/resource/Expertization
http://dbpedia.org/resource/Hawker_Siddeley,http://dbpedia.org/resource/Sunaina_Samriddhi_Foundation
http://dbpedia.org/resource/Physical_theatre,http://dbpedia.org/resource/Category:Survival_skills
http://dbpedia.org/resource/Trinity_Broadcasting_Network,http://dbpedia.org/resource/Skill_(labor)
http://dbpedia.org/resource/Television_Director,http://dbpedia.org/resource/Four_stages_of_competence
http://dbpedia.org/resource/Drag_queen,http://dbpedia.org/resource/Craft
http://dbpedia.org/resource/Intelligence_Officer,http://dbpedia.org/resource/Adaptive_expertise
http://dbpedia.org/resource/Film_Actor,http://dbpedia.org/resource/Voluntary_trades
http://dbpedia.org/resource/Chief_executive,http://dbpedia.org/resource/Aptitude
http://dbpedia.org/resource/Moser_Baer,http://dbpedia.org/resource/Category:Methodology
http://dbpedia.org/resource/Veenakar,http://dbpedia.org/resource/Mathematical_maturity
http://dbpedia.org/resource/Sultan,http://dbpedia.org/resource/Category:Visual_arts
http://dbpedia.org/resource/New_South_Wales_Electoral_Commission,http://dbpedia.org/resource/Category:Visual_arts
http://dbpedia.org/resource/Dental_surgery,http://dbpedia.org/resource/Sunaina_Samriddhi_Foundation
http://dbpedia.org/resource/Mark_Levinson_Audio_Systems,http://dbpedia.org/resource/Category:Procedural_knowledge
http://dbpedia.org/resource/Bandleader,http://dbpedia.org/resource/Category:Vehicle_operation
http://dbpedia.org/resource/Presenter,http://dbpedia.org/resource/Dreyfus_model_of_skill_acquisition
http://dbpedia.org/resource/Music_journalism,http://dbpedia.org/resource/Mathematical_maturity
http://dbpedia.org/resource/Batley,http://dbpedia.org/resource/Deskilling
http://dbpedia.org/resource/List_of_essayists,http://dbpedia.org/resource/Category:Occupations
http://dbpedia.org/resource/Violin,http://dbpedia.org/resource/Category:Vehicle_operation
http://dbpedia.org/resource/Investment_management,http://dbpedia.org/resource/Category:Techniques
http://dbpedia.org/resource/Website_content_writer,http://dbpedia.org/resource/Category:Literacy
http://dbpedia.org/resource/Rhône_Group,http://dbpedia.org/resource/Pradhan_Mantri_Kaushal_Vikas_Yojana
http://dbpedia.org/resource/Miner,http://dbpedia.org/resource/21st_century_skills
http://dbpedia.org/resource/Videographer,http://dbpedia.org/resource/Category:Literacy
http://dbpedia.org/resource/Tamagawa_University,http://dbpedia.org/resource/Pradhan_Mantri_Kaushal_Vikas_Yojana
http://dbpedia.org/resource/Political_adviser,http://dbpedia.org/resource/Artisan
http://dbpedia.org/resource/Priesthood_(Catholic_Church),http://dbpedia.org/resource/Procedural_memory
http://dbpedia.org/resource/Game_Designer,http://dbpedia.org/resource/Category:BBC_computer_literacy_projects
http://dbpedia.org/resource/Gaydar_Radio,http://dbpedia.org/resource/Expertization
http://dbpedia.org/resource/Vogue_(magazine),http://dbpedia.org/resource/Expertization
http://dbpedia.org/resource/Hartz_Mountain_Industries,http://dbpedia.org/resource/Procedural_knowledge
http://dbpedia.org/resource/Glamour_model,http://dbpedia.org/resource/Mathematical_maturity
http://dbpedia.org/resource/Party_organizer,http://dbpedia.org/resource/Deen_Dayal_Upadhyaya_Grameen_Kaushalya_Yojana
http://dbpedia.org/resource/Illinois_Treasurer,http://dbpedia.org/resource/Category:Survival_skills
http://dbpedia.org/resource/Performance,http://dbpedia.org/resource/Artisan
http://dbpedia.org/resource/Video_artist,http://dbpedia.org/resource/Craft
http://dbpedia.org/resource/Engie,http://dbpedia.org/resource/Pradhan_Mantri_Kaushal_Vikas_Yojana
http://dbpedia.org/resource/Scouting,http://dbpedia.org/resource/Deen_Dayal_Upadhyaya_Grameen_Kaushalya_Yojana
http://dbpedia.org/resource/Harvard_University,http://dbpedia.org/resource/Category:Crafts
http://dbpedia.org/resource/Literary_editor,http://dbpedia.org/resource/Do_it_yourself
http://dbpedia.org/resource/Mercer_(occupation),http://dbpedia.org/resource/Practice_(learning_method)
http://dbpedia.org/resource/Philadelphia_Naval_Asylum,http://dbpedia.org/resource/Deen_Dayal_Upadhyaya_Grameen_Kaushalya_Yojana
http://dbpedia.org/resource/Procter_and_Gamble,http://dbpedia.org/resource/21st_century_skills
http://dbpedia.org/resource/Filmmaker,http://dbpedia.org/resource/Expertization
http://dbpedia.org/resource/Mandalorian,http://dbpedia.org/resource/Artisan
http://dbpedia.org/resource/Young_adult_fiction,http://dbpedia.org/resource/Category:Vehicle_operation
http://dbpedia.org/resource/Yachting,http://dbpedia.org/resource/How-to
http://dbpedia.org/resource/Guitar_player,http://dbpedia.org/resource/Craft
http://dbpedia.org/resource/State_Representative,http://dbpedia.org/resource/Category:Procedural_knowledge
http://dbpedia.org/resource/Demographist,http://dbpedia.org/resource/Skill
http://dbpedia.org/resource/Civil_Aviation_Authority_of_Israel,http://dbpedia.org/resource/Transferable_skills_analysis
http://dbpedia.org/resource/Anglicanism,http://dbpedia.org/resource/Category:Pedagogy
http://dbpedia.org/resource/Talk_show,http://dbpedia.org/resource/Category:Methodology
http://dbpedia.org/resource/Soil_conservation,http://dbpedia.org/resource/Tradesman
http://dbpedia.org/resource/Deputy_to_the_Supreme_Soviet,http://dbpedia.org/resource/Adaptive_expertise
http://dbpedia.org/resource/Political_theorist,http://dbpedia.org/resource/Category:Pedagogy
http://dbpedia.org/resource/Screenplay_writer,http://dbpedia.org/resource/Procedural_memory
http://dbpedia.org/resource/Podiatry,http://dbpedia.org/resource/Chef
http://dbpedia.org/resource/Suffragist,http://dbpedia.org/resource/International_Computer_and_Information_Literacy_Study
http://dbpedia.org/resource/Horticulturist,http://dbpedia.org/resource/Chef
http://dbpedia.org/resource/Christian,http://dbpedia.org/resource/Four_stages_of_competence
http://dbpedia.org/resource/Texas_Christian_University,http://dbpedia.org/resource/Category:Life_skills
http://dbpedia.org/resource/Game_show_host,http://dbpedia.org/resource/Category:Methodology
http://dbpedia.org/resource/APO_(company),http://dbpedia.org/resource/International_Computer_and_Information_Literacy_Study
http://dbpedia.org/resource/Publishing,http://dbpedia.org/resource/Craft
http://dbpedia.org/resource/Community_college,http://dbpedia.org/resource/Aptitude
http://dbpedia.org/resource/Governor_of_the_Bank_of_England,http://dbpedia.org/resource/Compulsory_trade
http://dbpedia.org/resource/Militia,http://dbpedia.org/resource/Game_of_skill
http://dbpedia.org/resource/Entertainment,http://dbpedia.org/resource/Expert
http://dbpedia.org/resource/Audio_mixing_(recorded_music),http://dbpedia.org/resource/Category:Literacy
http://dbpedia.org/resource/Street_photographer,http://dbpedia.org/resource/Chef
http://dbpedia.org/resource/Body_builder,http://dbpedia.org/resource/Seamanship
http://dbpedia.org/resource/The_Independent,http://dbpedia.org/resource/Transferable_skill
http://dbpedia.org/resource/Lighting_Designer,http://dbpedia.org/resource/Compulsory_trade
http://dbpedia.org/resource/Game_artist,http://dbpedia.org/resource/Expertization
http://dbpedia.org/resource/Middle_East_Broadcasting_Center,http://dbpedia.org/resource/Category:Occupations
http://dbpedia.org/resource/United_States_Olympic_Committee,http://dbpedia.org/resource/Game_of_skill
http://dbpedia.org/resource/Presenter,http://dbpedia.org/resource/Non-Verbal_Reasoning
http://dbpedia.org/resource/Meteorology,http://dbpedia.org/resource/Voluntary_trades
http://dbpedia.org/resource/Ecologist,http://dbpedia.org/resource/Aptitude
http://dbpedia.org/resource/Light_novel,http://dbpedia.org/resource/Tradesman
http://dbpedia.org/resource/Jewellery_designer,http://dbpedia.org/resource/Chef
http://dbpedia.org/resource/Background_vocals,http://dbpedia.org/resource/Voluntary_trades
http://dbpedia.org/resource/Rodeo,http://dbpedia.org/resource/International_Computer_and_Information_Literacy_Study
http://dbpedia.org/resource/Heritage_Foundation,http://dbpedia.org/resource/Category:Pedagogy
http://dbpedia.org/resource/Kar?,http://dbpedia.org/resource/Category:Life_skills
http://dbpedia.org/resource/Wentworth_Military_Academy,http://dbpedia.org/resource/Deskilling
http://dbpedia.org/resource/Materials_science,http://dbpedia.org/resource/Category:Pedagogy
http://dbpedia.org/resource/Epigraphist,http://dbpedia.org/resource/Category:Motor_skills
http://dbpedia.org/resource/Indian_classical_music,http://dbpedia.org/resource/Individual_capital
http://dbpedia.org/resource/Young_adult_fiction,http://dbpedia.org/resource/Aptitude
http://dbpedia.org/resource/Canadian_Forest_Service,http://dbpedia.org/resource/Splinter_skill
http://dbpedia.org/resource/University_President,http://dbpedia.org/resource/21st_century_skills
http://dbpedia.org/resource/Film_editing,http://dbpedia.org/resource/Game_of_skill
http://dbpedia.org/resource/Film_distributor,http://dbpedia.org/resource/Transferable_skill
http://dbpedia.org/resource/Impresario,http://dbpedia.org/resource/Category:Hobbies
http://dbpedia.org/resource/Fidelity_International,http://dbpedia.org/resource/Category:Visual_arts
http://dbpedia.org/resource/Middlesbrough,http://dbpedia.org/resource/Practice_(learning_method)
http://dbpedia.org/resource/Internet_entrepreneur,http://dbpedia.org/resource/Mathematical_maturity
http://dbpedia.org/resource/Scientific_illustration,http://dbpedia.org/resource/Tradesman
http://dbpedia.org/resource/Photography,http://dbpedia.org/resource/Voluntary_trades
http://dbpedia.org/resource/City_Council,http://dbpedia.org/resource/Category:Pedagogy
http://dbpedia.org/resource/Talent_manager,http://dbpedia.org/resource/Skill
http://dbpedia.org/resource/Ontario_Hockey_League,http://dbpedia.org/resource/Compulsory_trade
http://dbpedia.org/resource/Horticulturist,http://dbpedia.org/resource/Category:BBC_computer_literacy_projects
http://dbpedia.org/resource/Internet_personality,http://dbpedia.org/resource/Four_stages_of_competence
http://dbpedia.org/resource/Mand'alor,http://dbpedia.org/resource/Individual_capital
http://dbpedia.org/resource/Scenic_design,http://dbpedia.org/resource/Deskilling
http://dbpedia.org/resource/Deputy_High_Court_Judge,http://dbpedia.org/resource/Computer_literacy
http://dbpedia.org/resource/Agronomist,http://dbpedia.org/resource/Chef
http://dbpedia.org/resource/Gold_Stick_and_Silver_Stick,http://dbpedia.org/resource/Dreyfus_model_of_skill_acquisition
http://dbpedia.org/resource/Pagliacci,http://dbpedia.org/resource/Object_skill
http://dbpedia.org/resource/Engineering,http://dbpedia.org/resource/Category:Motor_skills
http://dbpedia.org/resource/Librarian,http://dbpedia.org/resource/Deskilling
http://dbpedia.org/resource/Company_director,http://dbpedia.org/resource/Category:BBC_computer_literacy_projects
http://dbpedia.org/resource/Music_publisher_(popular_music),http://dbpedia.org/resource/Category:Occupations
http://dbpedia.org/resource/Supreme_War_Council_(Japan),http://dbpedia.org/resource/Deskilling
http://dbpedia.org/resource/Endocrinologist,http://dbpedia.org/resource/Category:Pedagogy
http://dbpedia.org/resource/Muthoot_Finance,http://dbpedia.org/resource/Mathematical_maturity
http://dbpedia.org/resource/Gossip_columnist,http://dbpedia.org/resource/Pradhan_Mantri_Kaushal_Vikas_Yojana
http://dbpedia.org/resource/Canary_Wharf_Group,http://dbpedia.org/resource/Transferable_skills_analysis
http://dbpedia.org/resource/Jurisprudence,http://dbpedia.org/resource/Category:Visual_arts
http://dbpedia.org/resource/President,http://dbpedia.org/resource/Seamanship
http://dbpedia.org/resource/Film_criticism,http://dbpedia.org/resource/Category:Crafts
http://dbpedia.org/resource/Coffee_shop_owner,http://dbpedia.org/resource/Non-Verbal_Reasoning
http://dbpedia.org/resource/Scenographer,http://dbpedia.org/resource/Four_stages_of_competence
http://dbpedia.org/resource/Clinical_Social_Worker,http://dbpedia.org/resource/Compulsory_trade
http://dbpedia.org/resource/Permanent_Security_Committee,http://dbpedia.org/resource/Chef
http://dbpedia.org/resource/Operatic_soprano,http://dbpedia.org/resource/Category:Literacy
http://dbpedia.org/resource/Painter,http://dbpedia.org/resource/Category:Survival_skills
http://dbpedia.org/resource/Criminal,http://dbpedia.org/resource/Skill_(labor)
http://dbpedia.org/resource/Royal_Commissioner,http://dbpedia.org/resource/Category:Motor_skills
http://dbpedia.org/resource/Specialist_registrar,http://dbpedia.org/resource/Sunaina_Samriddhi_Foundation
http://dbpedia.org/resource/Saïd_Business_School,http://dbpedia.org/resource/Deskilling
http://dbpedia.org/resource/Horticulturalist,http://dbpedia.org/resource/Category:Pedagogy
http://dbpedia.org/resource/Cardiothoracic_surgery,http://dbpedia.org/resource/Procedural_memory
http://dbpedia.org/resource/Materials_Science,http://dbpedia.org/resource/Category:Visual_arts
http://dbpedia.org/resource/Vicepresident,http://dbpedia.org/resource/Transferable_skill
http://dbpedia.org/resource/Mining_engineer,http://dbpedia.org/resource/Chef
http://dbpedia.org/resource/Internet_of_Things,http://dbpedia.org/resource/Practice_(learning_method)
"http://dbpedia.org/resource/American_Federation_of_State,_County_and_Municipal_Employees",http://dbpedia.org/resource/Category:Aptitude
http://dbpedia.org/resource/Record_Label,http://dbpedia.org/resource/Compulsory_trade
http://dbpedia.org/resource/Camden_Professor_of_Ancient_History,http://dbpedia.org/resource/Category:Visual_arts
http://dbpedia.org/resource/Mechanical_engineer,http://dbpedia.org/resource/Category:Occupations
http://dbpedia.org/resource/Cattle,http://dbpedia.org/resource/Procedural_memory
http://dbpedia.org/resource/Guru,http://dbpedia.org/resource/Transferable_skills_analysis
http://dbpedia.org/resource/General_Manager_(baseball),http://dbpedia.org/resource/Aptitude
http://dbpedia.org/resource/Attorneys_in_the_United_States,http://dbpedia.org/resource/Procedural_knowledge
http://dbpedia.org/resource/Script_Writer,http://dbpedia.org/resource/Procedural_knowledge
http://dbpedia.org/resource/Music_of_Sweden,http://dbpedia.org/resource/Category:Motor_skills
http://dbpedia.org/resource/Utah_State_University,http://dbpedia.org/resource/Splinter_skill
http://dbpedia.org/resource/Detective,http://dbpedia.org/resource/Category:Vehicle_operation
http://dbpedia.org/resource/Electronic_Arts,http://dbpedia.org/resource/Category:Literacy
http://dbpedia.org/resource/List_of_gangs_from_Sons_of_Anarchy,http://dbpedia.org/resource/Category:Aptitude
http://dbpedia.org/resource/Health_administration,http://dbpedia.org/resource/International_Computer_and_Information_Literacy_Study
http://dbpedia.org/resource/Furniture_design,http://dbpedia.org/resource/Expertization
http://dbpedia.org/resource/Italian_language,http://dbpedia.org/resource/Pradhan_Mantri_Kaushal_Vikas_Yojana
http://dbpedia.org/resource/Los_Angeles_Police_Department,http://dbpedia.org/resource/Category:Crafts
http://dbpedia.org/resource/New_York_City_Fire_Department,http://dbpedia.org/resource/Procedural_knowledge
http://dbpedia.org/resource/Critic,http://dbpedia.org/resource/Category:Vehicle_operation
http://dbpedia.org/resource/Colliery,http://dbpedia.org/resource/Category:Literacy
"http://dbpedia.org/resource/Monmouth,_Illinois",http://dbpedia.org/resource/Negative_capability
http://dbpedia.org/resource/Global_Network_Navigator,http://dbpedia.org/resource/Category:Procedural_knowledge
http://dbpedia.org/resource/Property_developer,http://dbpedia.org/resource/Aptitude
http://dbpedia.org/resource/Clearwater_Central_Catholic_High_School,http://dbpedia.org/resource/Voluntary_trades
http://dbpedia.org/resource/History_of_Rome,http://dbpedia.org/resource/Tradesman
http://dbpedia.org/resource/Record_Label,http://dbpedia.org/resource/Category:Life_skills
http://dbpedia.org/resource/Associate_Professor,http://dbpedia.org/resource/Seamanship
http://dbpedia.org/resource/The_Streets_of_San_Francisco,http://dbpedia.org/resource/Deen_Dayal_Upadhyaya_Grameen_Kaushalya_Yojana
http://dbpedia.org/resource/Physical_theatre,http://dbpedia.org/resource/Category:Aptitude
http://dbpedia.org/resource/Wipro,http://dbpedia.org/resource/Four_stages_of_competence
http://dbpedia.org/resource/Paraeducator,http://dbpedia.org/resource/Skill_(labor)
http://dbpedia.org/resource/Vibraphonist,http://dbpedia.org/resource/Category:Hobbies
http://dbpedia.org/resource/Midwife,http://dbpedia.org/resource/Deen_Dayal_Upadhyaya_Grameen_Kaushalya_Yojana
http://dbpedia.org/resource/Educator,http://dbpedia.org/resource/Negative_capability
http://dbpedia.org/resource/Topographer,http://dbpedia.org/resource/Category:Vehicle_operation
http://dbpedia.org/resource/Scout_Leader,http://dbpedia.org/resource/Category:Techniques
http://dbpedia.org/resource/Naval_officer,http://dbpedia.org/resource/Tradesman
http://dbpedia.org/resource/Balalaika_player,http://dbpedia.org/resource/Pradhan_Mantri_Kaushal_Vikas_Yojana
http://dbpedia.org/resource/Managing_editor,http://dbpedia.org/resource/Category:Survival_skills
http://dbpedia.org/resource/Video_editing,http://dbpedia.org/resource/Seamanship
http://dbpedia.org/resource/Managing_director,http://dbpedia.org/resource/Expertization
http://dbpedia.org/resource/Computer_Scientist,http://dbpedia.org/resource/Deskilling
http://dbpedia.org/resource/Plantations_in_the_American_South,http://dbpedia.org/resource/Category:Hobbies
http://dbpedia.org/resource/Adjunct_Professor,http://dbpedia.org/resource/Procedural_knowledge
http://dbpedia.org/resource/University_of_Pennsylvania,http://dbpedia.org/resource/Mathematical_maturity
http://dbpedia.org/resource/Independent_film,http://dbpedia.org/resource/Category:Methodology
http://dbpedia.org/resource/Member_of_Parliament,http://dbpedia.org/resource/Expert
http://dbpedia.org/resource/Mandalorian,http://dbpedia.org/resource/Category:Motor_skills
http://dbpedia.org/resource/Fidelity_International,http://dbpedia.org/resource/Expertization
http://dbpedia.org/resource/Consul_(representative),http://dbpedia.org/resource/Career_portfolio
http://dbpedia.org/resource/Trombone,http://dbpedia.org/resource/Deskilling
http://dbpedia.org/resource/Biochemist,http://dbpedia.org/resource/Seamanship
http://dbpedia.org/resource/WIND_(AM),http://dbpedia.org/resource/Object_skill
http://dbpedia.org/resource/Stage_(theatre),http://dbpedia.org/resource/Category:Pedagogy
http://dbpedia.org/resource/Video_game_producer,http://dbpedia.org/resource/Career_portfolio
http://dbpedia.org/resource/Art_historian,http://dbpedia.org/resource/Career_portfolio
http://dbpedia.org/resource/Talk_show,http://dbpedia.org/resource/Adaptive_expertise
http://dbpedia.org/resource/Olympic_Weightlifting,http://dbpedia.org/resource/Category:Occupations
http://dbpedia.org/resource/Junker,http://dbpedia.org/resource/Voluntary_trades
http://dbpedia.org/resource/Seanad_Éireann,http://dbpedia.org/resource/Four_stages_of_competence
http://dbpedia.org/resource/Airline,http://dbpedia.org/resource/Procedural_knowledge
http://dbpedia.org/resource/Investor,http://dbpedia.org/resource/Career_portfolio
http://dbpedia.org/resource/Globe_International,http://dbpedia.org/resource/Practice_(learning_method)
http://dbpedia.org/resource/Ulama,http://dbpedia.org/resource/Category:Literacy
http://dbpedia.org/resource/Cinematographer,http://dbpedia.org/resource/Sunaina_Samriddhi_Foundation
http://dbpedia.org/resource/Law,http://dbpedia.org/resource/Do_it_yourself
http://dbpedia.org/resource/Radio_&_TV_Reporter,http://dbpedia.org/resource/Category:Literacy
http://dbpedia.org/resource/Theatre_practitioner,http://dbpedia.org/resource/Category:Procedural_knowledge
http://dbpedia.org/resource/Physics,http://dbpedia.org/resource/How-to
http://dbpedia.org/resource/High_Court,http://dbpedia.org/resource/Transferable_skill
http://dbpedia.org/resource/Adventurer,http://dbpedia.org/resource/Category:Motor_skills
http://dbpedia.org/resource/Free_Inquiry_(magazine),http://dbpedia.org/resource/Negative_capability
http://dbpedia.org/resource/Chocolate_City_(music_label),http://dbpedia.org/resource/Mathematical_maturity
http://dbpedia.org/resource/Demographer,http://dbpedia.org/resource/Procedural_memory
http://dbpedia.org/resource/Moser_Baer,http://dbpedia.org/resource/Artisan
http://dbpedia.org/resource/Anheuser-Busch_InBev,http://dbpedia.org/resource/Negative_capability
http://dbpedia.org/resource/Emperor_of_Austria,http://dbpedia.org/resource/Mathematical_maturity
http://dbpedia.org/resource/Short_story_writer,http://dbpedia.org/resource/Category:Survival_skills
http://dbpedia.org/resource/Nadigar_Sangam,http://dbpedia.org/resource/Game_of_skill
http://dbpedia.org/resource/Solicitor-General_of_Australia,http://dbpedia.org/resource/Category:Occupations
http://dbpedia.org/resource/Vice_president,http://dbpedia.org/resource/Adaptive_expertise
http://dbpedia.org/resource/Sportscaster,http://dbpedia.org/resource/Skill
"http://dbpedia.org/resource/Western_Jihadism_Project,_Founder",http://dbpedia.org/resource/Artisan
http://dbpedia.org/resource/Broadcaster,http://dbpedia.org/resource/International_Computer_and_Information_Literacy_Study
http://dbpedia.org/resource/Character_designer,http://dbpedia.org/resource/Object_skill
http://dbpedia.org/resource/SSAFA_Forces_Help,http://dbpedia.org/resource/Category:Hobbies
http://dbpedia.org/resource/Batley,http://dbpedia.org/resource/Deskilling
http://dbpedia.org/resource/Renaissance_Technologies,http://dbpedia.org/resource/Category:Methodology
http://dbpedia.org/resource/Democracy_for_America,http://dbpedia.org/resource/Individual_capital
http://dbpedia.org/resource/Cellist,http://dbpedia.org/resource/Category:Survival_skills
http://dbpedia.org/resource/Evil_scientist,http://dbpedia.org/resource/Compulsory_trade
http://dbpedia.org/resource/Balalaika_player,http://dbpedia.org/resource/Craft
http://dbpedia.org/resource/Botany,http://dbpedia.org/resource/Transferable_skills_analysis
http://dbpedia.org/resource/Bhojpuri,http://dbpedia.org/resource/Category:Visual_arts
http://dbpedia.org/resource/Protestant,http://dbpedia.org/resource/Four_stages_of_competence
http://dbpedia.org/resource/Registered_nurse,http://dbpedia.org/resource/Category:Crafts
http://dbpedia.org/resource/Law_enforcement,http://dbpedia.org/resource/Category:Techniques
http://dbpedia.org/resource/Visual_effects_supervisor,http://dbpedia.org/resource/Splinter_skill
http://dbpedia.org/resource/Gender_theorist,http://dbpedia.org/resource/Mathematical_maturity
http://dbpedia.org/resource/Gossip_columnist,http://dbpedia.org/resource/Category:Pedagogy
http://dbpedia.org/resource/Guerrilla_warfare,http://dbpedia.org/resource/Transferable_skill
http://dbpedia.org/resource/Hobo,http://dbpedia.org/resource/Category:Crafts
http://dbpedia.org/resource/Freedom_of_the_press,http://dbpedia.org/resource/Game_of_skill
http://dbpedia.org/resource/BNO_News,http://dbpedia.org/resource/Category:Survival_skills
http://dbpedia.org/resource/Guitar,http://dbpedia.org/resource/Compulsory_trade
http://dbpedia.org/resource/English_language,http://dbpedia.org/resource/Category:Pedagogy
http://dbpedia.org/resource/Balalaika_player,http://dbpedia.org/resource/Expert
http://dbpedia.org/resource/Mixing_engineer,http://dbpedia.org/resource/Sunaina_Samriddhi_Foundation
http://dbpedia.org/resource/Tribune_Media,http://dbpedia.org/resource/Seamanship
http://dbpedia.org/resource/BBC,http://dbpedia.org/resource/Expertization
http://dbpedia.org/resource/Horology,http://dbpedia.org/resource/Expert
http://dbpedia.org/resource/Lieutenant_Governor_of_Upper_Canada,http://dbpedia.org/resource/Category:Methodology
http://dbpedia.org/resource/Accordionist,http://dbpedia.org/resource/Dreyfus_model_of_skill_acquisition
http://dbpedia.org/resource/Colonist,http://dbpedia.org/resource/Splinter_skill
http://dbpedia.org/resource/Hedge_fund,http://dbpedia.org/resource/Category:Procedural_knowledge
http://dbpedia.org/resource/A&R,http://dbpedia.org/resource/Career_portfolio
http://dbpedia.org/resource/Tamagawa_University,http://dbpedia.org/resource/Category:BBC_computer_literacy_projects
http://dbpedia.org/resource/Governors_of_Tasmania,http://dbpedia.org/resource/Voluntary_trades
http://dbpedia.org/resource/Digital_Artist,http://dbpedia.org/resource/Do_it_yourself
http://dbpedia.org/resource/Ciskei,http://dbpedia.org/resource/Transferable_skill
http://dbpedia.org/resource/Verizon_Communications,http://dbpedia.org/resource/Sunaina_Samriddhi_Foundation
http://dbpedia.org/resource/Public_speaking,http://dbpedia.org/resource/Category:Visual_arts
http://dbpedia.org/resource/Pediatric_surgery,http://dbpedia.org/resource/Do_it_yourself
http://dbpedia.org/resource/Apothecary,http://dbpedia.org/resource/Procedural_memory
http://dbpedia.org/resource/Devi_Ma_Kunja,http://dbpedia.org/resource/Category:Crafts
http://dbpedia.org/resource/Concept_artist,http://dbpedia.org/resource/International_Computer_and_Information_Literacy_Study
http://dbpedia.org/resource/Keyboardist,http://dbpedia.org/resource/Pradhan_Mantri_Kaushal_Vikas_Yojana
http://dbpedia.org/resource/Auditor,http://dbpedia.org/resource/Aptitude
http://dbpedia.org/resource/English_drama,http://dbpedia.org/resource/Do_it_yourself
http://dbpedia.org/resource/Musical_Director,http://dbpedia.org/resource/Category:Life_skills
http://dbpedia.org/resource/Radio_Personality,http://dbpedia.org/resource/Splinter_skill
http://dbpedia.org/resource/Sound_editor_(filmmaking),http://dbpedia.org/resource/Skill
http://dbpedia.org/resource/Queensland_University,http://dbpedia.org/resource/Category:Visual_arts
http://dbpedia.org/resource/Zoologist,http://dbpedia.org/resource/Individual_capital
http://dbpedia.org/resource/NBC_News,http://dbpedia.org/resource/Pradhan_Mantri_Kaushal_Vikas_Yojana
http://dbpedia.org/resource/Game_design,http://dbpedia.org/resource/Splinter_skill
http://dbpedia.org/resource/Royal_justice,http://dbpedia.org/resource/Category:Pedagogy
http://dbpedia.org/resource/Bank_of_America,http://dbpedia.org/resource/Negative_capability
http://dbpedia.org/resource/Grampian_TV,http://dbpedia.org/resource/Compulsory_trade
http://dbpedia.org/resource/Federal_Resume,http://dbpedia.org/resource/Transferable_skill
http://dbpedia.org/resource/Script_Writer,http://dbpedia.org/resource/Negative_capability
http://dbpedia.org/resource/Pediatrics,http://dbpedia.org/resource/Category:Vehicle_operation
http://dbpedia.org/resource/United_States_naval_aviator,http://dbpedia.org/resource/Craft
http://dbpedia.org/resource/Gerontologist,http://dbpedia.org/resource/Procedural_memory
http://dbpedia.org/resource/Holy_See,http://dbpedia.org/resource/Practice_(learning_method)
http://dbpedia.org/resource/Gastroenterologist,http://dbpedia.org/resource/Deskilling
http://dbpedia.org/resource/Dairy_farmer,http://dbpedia.org/resource/Category:Procedural_knowledge
http://dbpedia.org/resource/Speculator,http://dbpedia.org/resource/Category:Crafts
http://dbpedia.org/resource/Film_score_composer,http://dbpedia.org/resource/International_Computer_and_Information_Literacy_Study
http://dbpedia.org/resource/Columnist,http://dbpedia.org/resource/Seamanship
http://dbpedia.org/resource/Radio_announcer,http://dbpedia.org/resource/Category:Literacy
http://dbpedia.org/resource/Illinois_Treasurer,http://dbpedia.org/resource/Category:Vehicle_operation
http://dbpedia.org/resource/Rapper,http://dbpedia.org/resource/Skill_(labor)
http://dbpedia.org/resource/Government_of_Puerto_Rico,http://dbpedia.org/resource/Object_skill
http://dbpedia.org/resource/Illuminated_manuscript,http://dbpedia.org/resource/Seamanship
http://dbpedia.org/resource/Cook_(profession),http://dbpedia.org/resource/Adaptive_expertise
http://dbpedia.org/resource/Sheriff_of_Oxfordshire,http://dbpedia.org/resource/Aptitude
http://dbpedia.org/resource/Video_editor,http://dbpedia.org/resource/Skill
http://dbpedia.org/resource/Capital_First,http://dbpedia.org/resource/Dreyfus_model_of_skill_acquisition
http://dbpedia.org/resource/Partner_(business_rank),http://dbpedia.org/resource/Skill_(labor)
http://dbpedia.org/resource/Deputy_Director_of_the_Central_Intelligence_Agency,http://dbpedia.org/resource/Expertization
http://dbpedia.org/resource/Soap_opera,http://dbpedia.org/resource/Do_it_yourself
http://dbpedia.org/resource/Concertmaster,http://dbpedia.org/resource/Expertization
http://dbpedia.org/resource/Music_journalism,http://dbpedia.org/resource/Expertization
http://dbpedia.org/resource/Kedah_State_Legislative_Assembly,http://dbpedia.org/resource/Career_portfolio
http://dbpedia.org/resource/Gospel_music,http://dbpedia.org/resource/Seamanship
http://dbpedia.org/resource/Pamiers,http://dbpedia.org/resource/Category:Literacy
http://dbpedia.org/resource/Standard_Triumph,http://dbpedia.org/resource/Game_of_skill
http://dbpedia.org/resource/Beauty_pageant,http://dbpedia.org/resource/Transferable_skill
http://dbpedia.org/resource/GirlGuiding_New_Zealand,http://dbpedia.org/resource/Career_portfolio
http://dbpedia.org/resource/Passion_Conferences,http://dbpedia.org/resource/Category:Life_skills
http://dbpedia.org/resource/Capital_First,http://dbpedia.org/resource/Career_portfolio
http://dbpedia.org/resource/Hip-hop_production,http://dbpedia.org/resource/International_Computer_and_Information_Literacy_Study
http://dbpedia.org/resource/The_Emirates_Group,http://dbpedia.org/resource/Individual_capital
http://dbpedia.org/resource/Mercer_(occupation),http://dbpedia.org/resource/Chef
http://dbpedia.org/resource/Parody,http://dbpedia.org/resource/Voluntary_trades
http://dbpedia.org/resource/Real_Estate,http://dbpedia.org/resource/Artisan
http://dbpedia.org/resource/Dairy_farming,http://dbpedia.org/resource/Artisan
http://dbpedia.org/resource/Raw_food,http://dbpedia.org/resource/Pradhan_Mantri_Kaushal_Vikas_Yojana
http://dbpedia.org/resource/Magistrate,http://dbpedia.org/resource/Non-Verbal_Reasoning
http://dbpedia.org/resource/Programmer,http://dbpedia.org/resource/Category:Procedural_knowledge
http://dbpedia.org/resource/Gold_miner,http://dbpedia.org/resource/Category:Visual_arts
http://dbpedia.org/resource/Civil_Defence,http://dbpedia.org/resource/Individual_capital
http://dbpedia.org/resource/Christian_Broadcasting_Network,http://dbpedia.org/resource/Splinter_skill
http://dbpedia.org/resource/Music_engineer,http://dbpedia.org/resource/Category:Methodology
http://dbpedia.org/resource/Residency_(medicine),http://dbpedia.org/resource/Mathematical_maturity
http://dbpedia.org/resource/Governors_of_Tasmania,http://dbpedia.org/resource/Category:Literacy
http://dbpedia.org/resource/Audio_mixing_(film_and_television),http://dbpedia.org/resource/Deen_Dayal_Upadhyaya_Grameen_Kaushalya_Yojana
http://dbpedia.org/resource/List_of_colonial_heads_of_Portuguese_India,http://dbpedia.org/resource/Transferable_skills_analysis
http://dbpedia.org/resource/Bolton_Wanderers_F.C.,http://dbpedia.org/resource/Compulsory_trade
http://dbpedia.org/resource/Constable,http://dbpedia.org/resource/Voluntary_trades
http://dbpedia.org/resource/Economic_strategist,http://dbpedia.org/resource/Category:Literacy
http://dbpedia.org/resource/Razer_USA,http://dbpedia.org/resource/Game_of_skill
http://dbpedia.org/resource/Bhojpuri,http://dbpedia.org/resource/Practice_(learning_method)
http://dbpedia.org/resource/Bolivia,http://dbpedia.org/resource/Pradhan_Mantri_Kaushal_Vikas_Yojana
http://dbpedia.org/resource/Composer_(music),http://dbpedia.org/resource/Procedural_memory
http://dbpedia.org/resource/Video_producer,http://dbpedia.org/resource/Deskilling
http://dbpedia.org/resource/Literary_criticism,http://dbpedia.org/resource/Sunaina_Samriddhi_Foundation
http://dbpedia.org/resource/Veena,http://dbpedia.org/resource/Category:Literacy
http://dbpedia.org/resource/Human_rights,http://dbpedia.org/resource/21st_century_skills
http://dbpedia.org/resource/Lieutenant_Governor_of_Jersey,http://dbpedia.org/resource/Category:Motor_skills
http://dbpedia.org/resource/Farrier,http://dbpedia.org/resource/Non-Verbal_Reasoning
http://dbpedia.org/resource/Federal_Reserve_Bank_of_Richmond,http://dbpedia.org/resource/Do_it_yourself
http://dbpedia.org/resource/Yoga,http://dbpedia.org/resource/Deen_Dayal_Upadhyaya_Grameen_Kaushalya_Yojana
http://dbpedia.org/resource/Seiy?,http://dbpedia.org/resource/Category:Life_skills
http://dbpedia.org/resource/Bail_bondsman,http://dbpedia.org/resource/Transferable_skill
http://dbpedia.org/resource/Literary_editor,http://dbpedia.org/resource/Category:Occupations
http://dbpedia.org/resource/Kyushu_University,http://dbpedia.org/resource/International_Computer_and_Information_Literacy_Study
http://dbpedia.org/resource/Verizon_Communications,http://dbpedia.org/resource/Career_portfolio
http://dbpedia.org/resource/Pedagogy,http://dbpedia.org/resource/Deen_Dayal_Upadhyaya_Grameen_Kaushalya_Yojana
http://dbpedia.org/resource/Operatic_soprano,http://dbpedia.org/resource/Negative_capability
http://dbpedia.org/resource/Colonel_(United_States),http://dbpedia.org/resource/Expertization
http://dbpedia.org/resource/Colonial_administrator,http://dbpedia.org/resource/Category:Techniques
http://dbpedia.org/resource/Economist,http://dbpedia.org/resource/Category:Visual_arts
http://dbpedia.org/resource/Political_commentator,http://dbpedia.org/resource/Pradhan_Mantri_Kaushal_Vikas_Yojana
http://dbpedia.org/resource/Multidisciplinary_Association_for_Psychedelic_Studies,http://dbpedia.org/resource/Adaptive_expertise
http://dbpedia.org/resource/Black_Rod,http://dbpedia.org/resource/Voluntary_trades
http://dbpedia.org/resource/Structural_engineer,http://dbpedia.org/resource/Pradhan_Mantri_Kaushal_Vikas_Yojana
http://dbpedia.org/resource/The_Football_Association,http://dbpedia.org/resource/Deen_Dayal_Upadhyaya_Grameen_Kaushalya_Yojana
http://dbpedia.org/resource/Hip_hop_model,http://dbpedia.org/resource/Do_it_yourself
http://dbpedia.org/resource/Executive_chairman,http://dbpedia.org/resource/Skill
http://dbpedia.org/resource/Playback_Singer,http://dbpedia.org/resource/Dreyfus_model_of_skill_acquisition
http://dbpedia.org/resource/Zookeeper,http://dbpedia.org/resource/Category:Crafts
http://dbpedia.org/resource/Civic_Leader,http://dbpedia.org/resource/Category:Pedagogy
http://dbpedia.org/resource/Renaissance_Technologies,http://dbpedia.org/resource/Four_stages_of_competence
http://dbpedia.org/resource/Fashion_blogger,http://dbpedia.org/resource/Splinter_skill
http://dbpedia.org/resource/Legal_scholar,http://dbpedia.org/resource/Category:Vehicle_operation
http://dbpedia.org/resource/US_Army,http://dbpedia.org/resource/Computer_literacy
http://dbpedia.org/resource/Scenic_design,http://dbpedia.org/resource/Pradhan_Mantri_Kaushal_Vikas_Yojana
http://dbpedia.org/resource/Dramatist,http://dbpedia.org/resource/Category:Procedural_knowledge
http://dbpedia.org/resource/Squash_player,http://dbpedia.org/resource/Craft
http://dbpedia.org/resource/The_Football_Association,http://dbpedia.org/resource/Skill_(labor)
http://dbpedia.org/resource/Electra_Flyer_Corporation,http://dbpedia.org/resource/Category:Survival_skills
http://dbpedia.org/resource/Oprah_Winfrey_Network_(U.S._TV_channel),http://dbpedia.org/resource/Procedural_knowledge
http://dbpedia.org/resource/Moneylender,http://dbpedia.org/resource/International_Computer_and_Information_Literacy_Study
http://dbpedia.org/resource/Naval_officer,http://dbpedia.org/resource/Tradesman
http://dbpedia.org/resource/Tennis_player,http://dbpedia.org/resource/Expert
http://dbpedia.org/resource/Host,http://dbpedia.org/resource/Career_portfolio
http://dbpedia.org/resource/Shoemaker,http://dbpedia.org/resource/Non-Verbal_Reasoning
http://dbpedia.org/resource/Baritone,http://dbpedia.org/resource/Splinter_skill
http://dbpedia.org/resource/Sideman,http://dbpedia.org/resource/Computer_literacy
http://dbpedia.org/resource/Remixer,http://dbpedia.org/resource/Category:Survival_skills
http://dbpedia.org/resource/Video_game_programmer,http://dbpedia.org/resource/Artisan
http://dbpedia.org/resource/Neurology,http://dbpedia.org/resource/Expert
http://dbpedia.org/resource/Ministry_of_Public_Works_and_Settlement_(Turkey),http://dbpedia.org/resource/Four_stages_of_competence
http://dbpedia.org/resource/Filmmaker,http://dbpedia.org/resource/Object_skill
http://dbpedia.org/resource/International_Harvester,http://dbpedia.org/resource/Do_it_yourself
http://dbpedia.org/resource/Social_reformer,http://dbpedia.org/resource/Category:Occupations
http://dbpedia.org/resource/Writer,http://dbpedia.org/resource/Skill
http://dbpedia.org/resource/NHK,http://dbpedia.org/resource/Category:Pedagogy
http://dbpedia.org/resource/Architecture,http://dbpedia.org/resource/Splinter_skill
http://dbpedia.org/resource/Selectman,http://dbpedia.org/resource/Compulsory_trade
http://dbpedia.org/resource/Sheep_husbandry,http://dbpedia.org/resource/Transferable_skills_analysis
http://dbpedia.org/resource/Pop_music,http://dbpedia.org/resource/Mathematical_maturity
http://dbpedia.org/resource/Guitarist,http://dbpedia.org/resource/Skill_(labor)
http://dbpedia.org/resource/List_of_explorers,http://dbpedia.org/resource/Category:Literacy
http://dbpedia.org/resource/Quango,http://dbpedia.org/resource/Negative_capability
http://dbpedia.org/resource/Royal_justice,http://dbpedia.org/resource/Procedural_knowledge
http://dbpedia.org/resource/Political_consulting,http://dbpedia.org/resource/Category:Procedural_knowledge
http://dbpedia.org/resource/Comic_book_creator,http://dbpedia.org/resource/21st_century_skills
http://dbpedia.org/resource/Acoustic_Guitar,http://dbpedia.org/resource/Category:Crafts
http://dbpedia.org/resource/Chief_Marketing_Officer,http://dbpedia.org/resource/Deen_Dayal_Upadhyaya_Grameen_Kaushalya_Yojana
http://dbpedia.org/resource/Stroygazmntazh,http://dbpedia.org/resource/Non-Verbal_Reasoning
"http://dbpedia.org/resource/Teaching,_Research_&_Management",http://dbpedia.org/resource/Category:Hobbies
http://dbpedia.org/resource/Stunt_coordinator,http://dbpedia.org/resource/Procedural_knowledge
http://dbpedia.org/resource/Guitarist,http://dbpedia.org/resource/Pradhan_Mantri_Kaushal_Vikas_Yojana
http://dbpedia.org/resource/Congressional_staffer,http://dbpedia.org/resource/Expertization
http://dbpedia.org/resource/White_House,http://dbpedia.org/resource/Seamanship
http://dbpedia.org/resource/Fur,http://dbpedia.org/resource/Category:Life_skills
http://dbpedia.org/resource/Beautician,http://dbpedia.org/resource/Splinter_skill
http://dbpedia.org/resource/Clarinet,http://dbpedia.org/resource/Career_portfolio
http://dbpedia.org/resource/Theatre_actor,http://dbpedia.org/resource/Tradesman
http://dbpedia.org/resource/Qantas,http://dbpedia.org/resource/Adaptive_expertise
http://dbpedia.org/resource/Sarvodaya,http://dbpedia.org/resource/Tradesman
http://dbpedia.org/resource/Street_photographer,http://dbpedia.org/resource/How-to
http://dbpedia.org/resource/Mathematician,http://dbpedia.org/resource/Category:Vehicle_operation
"http://dbpedia.org/resource/Pianist,_Entertainer,_Professor",http://dbpedia.org/resource/Transferable_skill
http://dbpedia.org/resource/Swimmer,http://dbpedia.org/resource/Negative_capability
http://dbpedia.org/resource/Life_(magazine),http://dbpedia.org/resource/Category:Aptitude
http://dbpedia.org/resource/Inspector_General,http://dbpedia.org/resource/Chef
http://dbpedia.org/resource/Weather_forecaster,http://dbpedia.org/resource/Splinter_skill
http://dbpedia.org/resource/Party_organizer,http://dbpedia.org/resource/Category:Pedagogy
http://dbpedia.org/resource/High_school_student,http://dbpedia.org/resource/Category:Vehicle_operation
http://dbpedia.org/resource/Paleoartist,http://dbpedia.org/resource/Category:Visual_arts
http://dbpedia.org/resource/Arms_industry,http://dbpedia.org/resource/Category:Vehicle_operation
http://dbpedia.org/resource/Anatomy,http://dbpedia.org/resource/Object_skill
http://dbpedia.org/resource/Experimental_filmmaker,http://dbpedia.org/resource/Transferable_skills_analysis
http://dbpedia.org/resource/Toxicologist,http://dbpedia.org/resource/Compulsory_trade
http://dbpedia.org/resource/Farm,http://dbpedia.org/resource/Practice_(learning_method)
http://dbpedia.org/resource/Stage_actor,http://dbpedia.org/resource/Voluntary_trades
http://dbpedia.org/resource/Canon_Regular,http://dbpedia.org/resource/Category:BBC_computer_literacy_projects
http://dbpedia.org/resource/Mobster,http://dbpedia.org/resource/Transferable_skill
http://dbpedia.org/resource/Investment_management,http://dbpedia.org/resource/Expertization
http://dbpedia.org/resource/Utah_State_University,http://dbpedia.org/resource/Expertization
http://dbpedia.org/resource/General_manager_(baseball),http://dbpedia.org/resource/Mathematical_maturity
http://dbpedia.org/resource/Videographer,http://dbpedia.org/resource/Deskilling
http://dbpedia.org/resource/Geisha,http://dbpedia.org/resource/Category:Motor_skills
http://dbpedia.org/resource/Professional_wrestler,http://dbpedia.org/resource/Pradhan_Mantri_Kaushal_Vikas_Yojana
http://dbpedia.org/resource/Chief_Justice_of_Tasmania,http://dbpedia.org/resource/21st_century_skills
http://dbpedia.org/resource/Conducting,http://dbpedia.org/resource/Do_it_yourself
http://dbpedia.org/resource/Ciskei,http://dbpedia.org/resource/Non-Verbal_Reasoning
http://dbpedia.org/resource/The_Priceline_Group,http://dbpedia.org/resource/Game_of_skill
http://dbpedia.org/resource/Digital_Artist,http://dbpedia.org/resource/International_Computer_and_Information_Literacy_Study
http://dbpedia.org/resource/Mand'alor,http://dbpedia.org/resource/Category:BBC_computer_literacy_projects
http://dbpedia.org/resource/Tequila,http://dbpedia.org/resource/Expertization
http://dbpedia.org/resource/Infotainment,http://dbpedia.org/resource/21st_century_skills
http://dbpedia.org/resource/Captain_(naval),http://dbpedia.org/resource/Procedural_knowledge
http://dbpedia.org/resource/Horticulturist,http://dbpedia.org/resource/Game_of_skill
http://dbpedia.org/resource/University_of_Pennsylvania,http://dbpedia.org/resource/Category:Procedural_knowledge
http://dbpedia.org/resource/Movie_producer,http://dbpedia.org/resource/Splinter_skill
http://dbpedia.org/resource/Coroner,http://dbpedia.org/resource/Skill_(labor)
http://dbpedia.org/resource/WFUV,http://dbpedia.org/resource/Dreyfus_model_of_skill_acquisition
http://dbpedia.org/resource/Alston_&_Bird,http://dbpedia.org/resource/Procedural_knowledge
http://dbpedia.org/resource/Voice_acting_in_Japan,http://dbpedia.org/resource/Category:Motor_skills
http://dbpedia.org/resource/Arranger,http://dbpedia.org/resource/Seamanship
http://dbpedia.org/resource/United_States_Marine_Corps_Aviation,http://dbpedia.org/resource/Negative_capability
http://dbpedia.org/resource/Video_game,http://dbpedia.org/resource/Transferable_skills_analysis
http://dbpedia.org/resource/Motor_racing,http://dbpedia.org/resource/Category:Methodology
http://dbpedia.org/resource/Tap_dance,http://dbpedia.org/resource/Do_it_yourself
http://dbpedia.org/resource/MI6,http://dbpedia.org/resource/Chef
http://dbpedia.org/resource/Gay_rights,http://dbpedia.org/resource/Category:Aptitude
"http://dbpedia.org/resource/Teaching,_Research_&_Management",http://dbpedia.org/resource/Category:Motor_skills
http://dbpedia.org/resource/Brand_ambassador,http://dbpedia.org/resource/Category:Literacy
http://dbpedia.org/resource/Cebarco_Bahrain_SPC,http://dbpedia.org/resource/Category:Hobbies
http://dbpedia.org/resource/Game_design,http://dbpedia.org/resource/Career_portfolio
http://dbpedia.org/resource/Formula_One,http://dbpedia.org/resource/Category:Techniques
http://dbpedia.org/resource/WLS-TV,http://dbpedia.org/resource/Category:Visual_arts
http://dbpedia.org/resource/Switchboard_operator,http://dbpedia.org/resource/Expertization
http://dbpedia.org/resource/AV_idol,http://dbpedia.org/resource/Expertization
http://dbpedia.org/resource/Smuggler,http://dbpedia.org/resource/Individual_capital
http://dbpedia.org/resource/Entertainment_Reporter,http://dbpedia.org/resource/Compulsory_trade
http://dbpedia.org/resource/Central_Superior_Services,http://dbpedia.org/resource/Game_of_skill
http://dbpedia.org/resource/Musician/_Railroader,http://dbpedia.org/resource/Non-Verbal_Reasoning
http://dbpedia.org/resource/Bhikkhuni,http://dbpedia.org/resource/Category:Crafts
http://dbpedia.org/resource/Recording_engineer,http://dbpedia.org/resource/Craft
http://dbpedia.org/resource/Trombone,http://dbpedia.org/resource/Four_stages_of_competence
http://dbpedia.org/resource/United_States_Military_Academy,http://dbpedia.org/resource/Category:Survival_skills
http://dbpedia.org/resource/Christian_Broadcasting_Network,http://dbpedia.org/resource/Individual_capital
http://dbpedia.org/resource/Merchant,http://dbpedia.org/resource/Compulsory_trade
http://dbpedia.org/resource/Social_reformer,http://dbpedia.org/resource/Category:Vehicle_operation
http://dbpedia.org/resource/Record_executive,http://dbpedia.org/resource/Splinter_skill
